high,4,"true","false",3,3,3,3,0.011506644300873005
high,4,"true","true",3,3,3,3,0.0015155478586114702
high,4,"true","false",3,3,3,4,0.012213055479627144
high,4,"true","true",3,3,3,4,0.00010304473117741867
high,4,"true","false",3,3,3,5,0.012263474869856945
high,4,"true","true",3,3,3,5,0.000002305806590267315
high,4,"true","false",3,3,4,3,0.012213055479627144
high,4,"true","true",3,3,4,3,0.00010304473117741867
high,4,"true","false",3,3,4,4,0.012263474869856945
high,4,"true","true",3,3,4,4,0.000002305806590267315
high,4,"true","false",3,3,4,5,0.01226336978133335
high,4,"true","true",3,3,4,5,0.0000027260148431423587
high,4,"true","false",3,3,5,3,0.012263474869856945
high,4,"true","true",3,3,5,3,0.000002305806590267315
high,4,"true","false",3,3,5,4,0.01226336978133335
high,4,"true","true",3,3,5,4,0.0000027260148431423587
high,4,"true","false",3,3,5,5,0.012263158065016766
high,4,"true","true",3,3,5,5,0.0000035725101700795795
high,4,"true","false",3,4,3,3,0.012213055479627144
high,4,"true","true",3,4,3,3,0.00010304473117741867
high,4,"true","false",3,4,3,4,0.012263474869856945
high,4,"true","true",3,4,3,4,0.000002305806590267315
high,4,"true","false",3,4,3,5,0.01226336978133335
high,4,"true","true",3,4,3,5,0.0000027260148431423587
high,4,"true","false",3,4,4,3,0.012263474869856945
high,4,"true","true",3,4,4,3,0.000002305806590267315
high,4,"true","false",3,4,4,4,0.01226336978133335
high,4,"true","true",3,4,4,4,0.0000027260148431423587
high,4,"true","false",3,4,4,5,0.012263158065016766
high,4,"true","true",3,4,4,5,0.0000035725101700795795
high,4,"true","false",3,4,5,3,0.01226336978133335
high,4,"true","true",3,4,5,3,0.0000027260148431423587
high,4,"true","false",3,4,5,4,0.012263158065016766
high,4,"true","true",3,4,5,4,0.0000035725101700795795
high,4,"true","false",3,4,5,5,0.012262814134105805
high,4,"true","true",3,4,5,5,0.000004947411799311502
high,4,"true","false",3,5,3,3,0.012263474869856945
high,4,"true","true",3,5,3,3,0.000002305806590267315
high,4,"true","false",3,5,3,4,0.01226336978133335
high,4,"true","true",3,5,3,4,0.0000027260148431423587
high,4,"true","false",3,5,3,5,0.012263158065016766
high,4,"true","true",3,5,3,5,0.0000035725101700795795
high,4,"true","false",3,5,4,3,0.01226336978133335
high,4,"true","true",3,5,4,3,0.0000027260148431423587
high,4,"true","false",3,5,4,4,0.012263158065016766
high,4,"true","true",3,5,4,4,0.0000035725101700795795
high,4,"true","false",3,5,4,5,0.012262814134105805
high,4,"true","true",3,5,4,5,0.000004947411799311502
high,4,"true","false",3,5,5,3,0.012263158065016766
high,4,"true","true",3,5,5,3,0.0000035725101700795795
high,4,"true","false",3,5,5,4,0.012262814134105805
high,4,"true","true",3,5,5,4,0.000004947411799311502
high,4,"true","false",3,5,5,5,0.012262419949263453
high,4,"true","true",3,5,5,5,0.000006522869127828431
high,4,"true","false",4,3,3,3,0.012213055479627144
high,4,"true","true",4,3,3,3,0.00010304473117741867
high,4,"true","false",4,3,3,4,0.012263474869856945
high,4,"true","true",4,3,3,4,0.000002305806590267315
high,4,"true","false",4,3,3,5,0.01226336978133335
high,4,"true","true",4,3,3,5,0.0000027260148431423587
high,4,"true","false",4,3,4,3,0.012263474869856945
high,4,"true","true",4,3,4,3,0.000002305806590267315
high,4,"true","false",4,3,4,4,0.01226336978133335
high,4,"true","true",4,3,4,4,0.0000027260148431423587
high,4,"true","false",4,3,4,5,0.012263158065016766
high,4,"true","true",4,3,4,5,0.0000035725101700795795
high,4,"true","false",4,3,5,3,0.01226336978133335
high,4,"true","true",4,3,5,3,0.0000027260148431423587
high,4,"true","false",4,3,5,4,0.012263158065016766
high,4,"true","true",4,3,5,4,0.0000035725101700795795
high,4,"true","false",4,3,5,5,0.012262814134105805
high,4,"true","true",4,3,5,5,0.000004947411799311502
high,4,"true","false",4,4,3,3,0.012263474869856945
high,4,"true","true",4,4,3,3,0.000002305806590267315
high,4,"true","false",4,4,3,4,0.01226336978133335
high,4,"true","true",4,4,3,4,0.0000027260148431423587
high,4,"true","false",4,4,3,5,0.012263158065016766
high,4,"true","true",4,4,3,5,0.0000035725101700795795
high,4,"true","false",4,4,4,3,0.01226336978133335
high,4,"true","true",4,4,4,3,0.0000027260148431423587
high,4,"true","false",4,4,4,4,0.012188804041112198
high,4,"true","true",4,4,4,4,0.000283575826011279
high,4,"true","false",4,4,4,5,0.012160656178425705
high,4,"true","true",4,4,4,5,0.000381472741688289
high,4,"true","false",4,4,5,3,0.012263158065016766
high,4,"true","true",4,4,5,3,0.0000035725101700795795
high,4,"true","false",4,4,5,4,0.012160656178425705
high,4,"true","true",4,4,5,4,0.000381472741688289
high,4,"true","false",4,4,5,5,0.0121289546602365
high,4,"true","true",4,4,5,5,0.000486842463186882
high,4,"true","false",4,5,3,3,0.01226336978133335
high,4,"true","true",4,5,3,3,0.0000027260148431423587
high,4,"true","false",4,5,3,4,0.012263158065016766
high,4,"true","true",4,5,3,4,0.0000035725101700795795
high,4,"true","false",4,5,3,5,0.012262814134105805
high,4,"true","true",4,5,3,5,0.000004947411799311502
high,4,"true","false",4,5,4,3,0.012263158065016766
high,4,"true","true",4,5,4,3,0.0000035725101700795795
high,4,"true","false",4,5,4,4,0.012160656178425705
high,4,"true","true",4,5,4,4,0.000381472741688289
high,4,"true","false",4,5,4,5,0.0121289546602365
high,4,"true","true",4,5,4,5,0.000486842463186882
high,4,"true","false",4,5,5,3,0.012262814134105805
high,4,"true","true",4,5,5,3,0.000004947411799311502
high,4,"true","false",4,5,5,4,0.0121289546602365
high,4,"true","true",4,5,5,4,0.000486842463186882
high,4,"true","false",4,5,5,5,0.012104132451942218
high,4,"true","true",4,5,5,5,0.000565745904062171
high,4,"true","false",5,3,3,3,0.012263474869856945
high,4,"true","true",5,3,3,3,0.000002305806590267315
high,4,"true","false",5,3,3,4,0.01226336978133335
high,4,"true","true",5,3,3,4,0.0000027260148431423587
high,4,"true","false",5,3,3,5,0.012263158065016766
high,4,"true","true",5,3,3,5,0.0000035725101700795795
high,4,"true","false",5,3,4,3,0.01226336978133335
high,4,"true","true",5,3,4,3,0.0000027260148431423587
high,4,"true","false",5,3,4,4,0.012263158065016766
high,4,"true","true",5,3,4,4,0.0000035725101700795795
high,4,"true","false",5,3,4,5,0.012262814134105805
high,4,"true","true",5,3,4,5,0.000004947411799311502
high,4,"true","false",5,3,5,3,0.012263158065016766
high,4,"true","true",5,3,5,3,0.0000035725101700795795
high,4,"true","false",5,3,5,4,0.012262814134105805
high,4,"true","true",5,3,5,4,0.000004947411799311502
high,4,"true","false",5,3,5,5,0.012262419949263453
high,4,"true","true",5,3,5,5,0.000006522869127828431
high,4,"true","false",5,4,3,3,0.01226336978133335
high,4,"true","true",5,4,3,3,0.0000027260148431423587
high,4,"true","false",5,4,3,4,0.012263158065016766
high,4,"true","true",5,4,3,4,0.0000035725101700795795
high,4,"true","false",5,4,3,5,0.012262814134105805
high,4,"true","true",5,4,3,5,0.000004947411799311502
high,4,"true","false",5,4,4,3,0.012263158065016766
high,4,"true","true",5,4,4,3,0.0000035725101700795795
high,4,"true","false",5,4,4,4,0.012160656178425705
high,4,"true","true",5,4,4,4,0.000381472741688289
high,4,"true","false",5,4,4,5,0.0121289546602365
high,4,"true","true",5,4,4,5,0.000486842463186882
high,4,"true","false",5,4,5,3,0.012262814134105805
high,4,"true","true",5,4,5,3,0.000004947411799311502
high,4,"true","false",5,4,5,4,0.0121289546602365
high,4,"true","true",5,4,5,4,0.000486842463186882
high,4,"true","false",5,4,5,5,0.012104132451942218
high,4,"true","true",5,4,5,5,0.000565745904062171
high,4,"true","false",5,5,3,3,0.012263158065016766
high,4,"true","true",5,5,3,3,0.0000035725101700795795
high,4,"true","false",5,5,3,4,0.012262814134105805
high,4,"true","true",5,5,3,4,0.000004947411799311502
high,4,"true","false",5,5,3,5,0.012262419949263453
high,4,"true","true",5,5,3,5,0.000006522869127828431
high,4,"true","false",5,5,4,3,0.012262814134105805
high,4,"true","true",5,5,4,3,0.000004947411799311502
high,4,"true","false",5,5,4,4,0.0121289546602365
high,4,"true","true",5,5,4,4,0.000486842463186882
high,4,"true","false",5,5,4,5,0.012104132451942218
high,4,"true","true",5,5,4,5,0.000565745904062171
high,4,"true","false",5,5,5,3,0.012262419949263453
high,4,"true","true",5,5,5,3,0.000006522869127828431
high,4,"true","false",5,5,5,4,0.012104132451942218
high,4,"true","true",5,5,5,4,0.000565745904062171
high,4,"true","false",5,5,5,5,0.01209328979245018
high,4,"true","true",5,5,5,5,0.0005995258116242655
mid,4,"true","false",3,3,3,3,0.009609940521251525
mid,4,"true","true",3,3,3,3,0.0049794050037841224
mid,4,"true","false",3,3,3,4,0.010555943017421993
mid,4,"true","true",3,3,3,4,0.003087514667499719
mid,4,"true","false",3,3,3,5,0.011850333956382138
mid,4,"true","true",3,3,3,5,0.0004991671521204641
mid,4,"true","false",3,3,4,3,0.010555943017421993
mid,4,"true","true",3,3,4,3,0.003087514667499719
mid,4,"true","false",3,3,4,4,0.011850333956382138
mid,4,"true","true",3,3,4,4,0.0004991671521204641
mid,4,"true","false",3,3,4,5,0.012049297793354416
mid,4,"true","true",3,3,4,5,0.00010165251919183801
mid,4,"true","false",3,3,5,3,0.011850333956382138
mid,4,"true","true",3,3,5,3,0.0004991671521204641
mid,4,"true","false",3,3,5,4,0.012049297793354416
mid,4,"true","true",3,3,5,4,0.00010165251919183801
mid,4,"true","false",3,3,5,5,0.012098724674126867
mid,4,"true","true",3,3,5,5,0.000003529528454301367
mid,4,"true","false",3,4,3,3,0.010555943017421993
mid,4,"true","true",3,4,3,3,0.003087514667499719
mid,4,"true","false",3,4,3,4,0.011850333956382138
mid,4,"true","true",3,4,3,4,0.0004991671521204641
mid,4,"true","false",3,4,3,5,0.012049297793354416
mid,4,"true","true",3,4,3,5,0.00010165251919183801
mid,4,"true","false",3,4,4,3,0.011850333956382138
mid,4,"true","true",3,4,4,3,0.0004991671521204641
mid,4,"true","false",3,4,4,4,0.012049297793354416
mid,4,"true","true",3,4,4,4,0.00010165251919183801
mid,4,"true","false",3,4,4,5,0.012098724674126867
mid,4,"true","true",3,4,4,5,0.000003529528454301367
mid,4,"true","false",3,4,5,3,0.012049297793354416
mid,4,"true","true",3,4,5,3,0.00010165251919183801
mid,4,"true","false",3,4,5,4,0.012098724674126867
mid,4,"true","true",3,4,5,4,0.000003529528454301367
mid,4,"true","false",3,4,5,5,0.012098013647950429
mid,4,"true","true",3,4,5,5,0.000006371212495695014
mid,4,"true","false",3,5,3,3,0.011850333956382138
mid,4,"true","true",3,5,3,3,0.0004991671521204641
mid,4,"true","false",3,5,3,4,0.012049297793354416
mid,4,"true","true",3,5,3,4,0.00010165251919183801
mid,4,"true","false",3,5,3,5,0.012098724674126867
mid,4,"true","true",3,5,3,5,0.000003529528454301367
mid,4,"true","false",3,5,4,3,0.012049297793354416
mid,4,"true","true",3,5,4,3,0.00010165251919183801
mid,4,"true","false",3,5,4,4,0.012098724674126867
mid,4,"true","true",3,5,4,4,0.000003529528454301367
mid,4,"true","false",3,5,4,5,0.012098013647950429
mid,4,"true","true",3,5,4,5,0.000006371212495695014
mid,4,"true","false",3,5,5,3,0.012098724674126867
mid,4,"true","true",3,5,5,3,0.000003529528454301367
mid,4,"true","false",3,5,5,4,0.012098013647950429
mid,4,"true","true",3,5,5,4,0.000006371212495695014
mid,4,"true","false",3,5,5,5,0.012096784080152785
mid,4,"true","true",3,5,5,5,0.00001128096450496812
mid,4,"true","false",4,3,3,3,0.010555943017421993
mid,4,"true","true",4,3,3,3,0.003087514667499719
mid,4,"true","false",4,3,3,4,0.011850333956382138
mid,4,"true","true",4,3,3,4,0.0004991671521204641
mid,4,"true","false",4,3,3,5,0.012049297793354416
mid,4,"true","true",4,3,3,5,0.00010165251919183801
mid,4,"true","false",4,3,4,3,0.011850333956382138
mid,4,"true","true",4,3,4,3,0.0004991671521204641
mid,4,"true","false",4,3,4,4,0.012049297793354416
mid,4,"true","true",4,3,4,4,0.00010165251919183801
mid,4,"true","false",4,3,4,5,0.012098724674126867
mid,4,"true","true",4,3,4,5,0.000003529528454301367
mid,4,"true","false",4,3,5,3,0.012049297793354416
mid,4,"true","true",4,3,5,3,0.00010165251919183801
mid,4,"true","false",4,3,5,4,0.012098724674126867
mid,4,"true","true",4,3,5,4,0.000003529528454301367
mid,4,"true","false",4,3,5,5,0.012098013647950429
mid,4,"true","true",4,3,5,5,0.000006371212495695014
mid,4,"true","false",4,4,3,3,0.011850333956382138
mid,4,"true","true",4,4,3,3,0.0004991671521204641
mid,4,"true","false",4,4,3,4,0.012049297793354416
mid,4,"true","true",4,4,3,4,0.00010165251919183801
mid,4,"true","false",4,4,3,5,0.012098724674126867
mid,4,"true","true",4,4,3,5,0.000003529528454301367
mid,4,"true","false",4,4,4,3,0.012049297793354416
mid,4,"true","true",4,4,4,3,0.00010165251919183801
mid,4,"true","false",4,4,4,4,0.012025715009126029
mid,4,"true","true",4,4,4,4,0.00027406955557231043
mid,4,"true","false",4,4,4,5,0.011968678479389927
mid,4,"true","true",4,4,4,5,0.0004633550555811947
mid,4,"true","false",4,4,5,3,0.012098724674126867
mid,4,"true","true",4,4,5,3,0.000003529528454301367
mid,4,"true","false",4,4,5,4,0.011968678479389927
mid,4,"true","true",4,4,5,4,0.0004633550555811947
mid,4,"true","false",4,4,5,5,0.011876512897958894
mid,4,"true","true",4,4,5,5,0.0007272440094980392
mid,4,"true","false",4,5,3,3,0.012049297793354416
mid,4,"true","true",4,5,3,3,0.00010165251919183801
mid,4,"true","false",4,5,3,4,0.012098724674126867
mid,4,"true","true",4,5,3,4,0.000003529528454301367
mid,4,"true","false",4,5,3,5,0.012098013647950429
mid,4,"true","true",4,5,3,5,0.000006371212495695014
mid,4,"true","false",4,5,4,3,0.012098724674126867
mid,4,"true","true",4,5,4,3,0.000003529528454301367
mid,4,"true","false",4,5,4,4,0.011968678479389927
mid,4,"true","true",4,5,4,4,0.0004633550555811947
mid,4,"true","false",4,5,4,5,0.011876512897958894
mid,4,"true","true",4,5,4,5,0.0007272440094980392
mid,4,"true","false",4,5,5,3,0.012098013647950429
mid,4,"true","true",4,5,5,3,0.000006371212495695014
mid,4,"true","false",4,5,5,4,0.011876512897958894
mid,4,"true","true",4,5,5,4,0.0007272440094980392
mid,4,"true","false",4,5,5,5,0.011782237776461282
mid,4,"true","true",4,5,5,5,0.0009571411939482596
mid,4,"true","false",5,3,3,3,0.011850333956382138
mid,4,"true","true",5,3,3,3,0.0004991671521204641
mid,4,"true","false",5,3,3,4,0.012049297793354416
mid,4,"true","true",5,3,3,4,0.00010165251919183801
mid,4,"true","false",5,3,3,5,0.012098724674126867
mid,4,"true","true",5,3,3,5,0.000003529528454301367
mid,4,"true","false",5,3,4,3,0.012049297793354416
mid,4,"true","true",5,3,4,3,0.00010165251919183801
mid,4,"true","false",5,3,4,4,0.012098724674126867
mid,4,"true","true",5,3,4,4,0.000003529528454301367
mid,4,"true","false",5,3,4,5,0.012098013647950429
mid,4,"true","true",5,3,4,5,0.000006371212495695014
mid,4,"true","false",5,3,5,3,0.012098724674126867
mid,4,"true","true",5,3,5,3,0.000003529528454301367
mid,4,"true","false",5,3,5,4,0.012098013647950429
mid,4,"true","true",5,3,5,4,0.000006371212495695014
mid,4,"true","false",5,3,5,5,0.012096784080152785
mid,4,"true","true",5,3,5,5,0.00001128096450496812
mid,4,"true","false",5,4,3,3,0.012049297793354416
mid,4,"true","true",5,4,3,3,0.00010165251919183801
mid,4,"true","false",5,4,3,4,0.012098724674126867
mid,4,"true","true",5,4,3,4,0.000003529528454301367
mid,4,"true","false",5,4,3,5,0.012098013647950429
mid,4,"true","true",5,4,3,5,0.000006371212495695014
mid,4,"true","false",5,4,4,3,0.012098724674126867
mid,4,"true","true",5,4,4,3,0.000003529528454301367
mid,4,"true","false",5,4,4,4,0.011968678479389927
mid,4,"true","true",5,4,4,4,0.0004633550555811947
mid,4,"true","false",5,4,4,5,0.011876512897958894
mid,4,"true","true",5,4,4,5,0.0007272440094980392
mid,4,"true","false",5,4,5,3,0.012098013647950429
mid,4,"true","true",5,4,5,3,0.000006371212495695014
mid,4,"true","false",5,4,5,4,0.011876512897958894
mid,4,"true","true",5,4,5,4,0.0007272440094980392
mid,4,"true","false",5,4,5,5,0.011782237776461282
mid,4,"true","true",5,4,5,5,0.0009571411939482596
mid,4,"true","false",5,5,3,3,0.012098724674126867
mid,4,"true","true",5,5,3,3,0.000003529528454301367
mid,4,"true","false",5,5,3,4,0.012098013647950429
mid,4,"true","true",5,5,3,4,0.000006371212495695014
mid,4,"true","false",5,5,3,5,0.012096784080152785
mid,4,"true","true",5,5,3,5,0.00001128096450496812
mid,4,"true","false",5,5,4,3,0.012098013647950429
mid,4,"true","true",5,5,4,3,0.000006371212495695014
mid,4,"true","false",5,5,4,4,0.011876512897958894
mid,4,"true","true",5,5,4,4,0.0007272440094980392
mid,4,"true","false",5,5,4,5,0.011782237776461282
mid,4,"true","true",5,5,4,5,0.0009571411939482596
mid,4,"true","false",5,5,5,3,0.012096784080152785
mid,4,"true","true",5,5,5,3,0.00001128096450496812
mid,4,"true","false",5,5,5,4,0.011782237776461282
mid,4,"true","true",5,5,5,4,0.0009571411939482596
mid,4,"true","false",5,5,5,5,0.01172691973767893
mid,4,"true","true",5,5,5,5,0.00106625773042442
low,4,"true","false",3,3,3,3,0.007735865177956853
low,4,"true","true",3,3,3,3,0.0070410315823584
low,4,"true","false",3,3,3,4,0.008199079963358443
low,4,"true","true",3,3,3,4,0.006114623466188297
low,4,"true","false",3,3,3,5,0.008940194821264376
low,4,"true","true",3,3,3,5,0.004632485650275734
low,4,"true","false",3,3,4,3,0.008199079963358443
low,4,"true","true",3,3,4,3,0.006114623466188297
low,4,"true","false",3,3,4,4,0.008940194821264376
low,4,"true","true",3,3,4,4,0.004632485650275734
low,4,"true","false",3,3,4,5,0.009820172783288266
low,4,"true","true",3,3,4,5,0.002872830608579435
low,4,"true","false",3,3,5,3,0.008940194821264376
low,4,"true","true",3,3,5,3,0.004632485650275734
low,4,"true","false",3,3,5,4,0.009820172783288266
low,4,"true","true",3,3,5,4,0.002872830608579435
low,4,"true","false",3,3,5,5,0.010560920969792787
low,4,"true","true",3,3,5,5,0.0013921588227386863
low,4,"true","false",3,4,3,3,0.008199079963358443
low,4,"true","true",3,4,3,3,0.006114623466188297
low,4,"true","false",3,4,3,4,0.008940194821264376
low,4,"true","true",3,4,3,4,0.004632485650275734
low,4,"true","false",3,4,3,5,0.009820172783288266
low,4,"true","true",3,4,3,5,0.002872830608579435
low,4,"true","false",3,4,4,3,0.008940194821264376
low,4,"true","true",3,4,4,3,0.004632485650275734
low,4,"true","false",3,4,4,4,0.009820172783288266
low,4,"true","true",3,4,4,4,0.002872830608579435
low,4,"true","false",3,4,4,5,0.010560920969792787
low,4,"true","true",3,4,4,5,0.0013921588227386863
low,4,"true","false",3,4,5,3,0.009820172783288266
low,4,"true","true",3,4,5,3,0.002872830608579435
low,4,"true","false",3,4,5,4,0.010560920969792787
low,4,"true","true",3,4,5,4,0.0013921588227386863
low,4,"true","false",3,4,5,5,0.011022970544485146
low,4,"true","true",3,4,5,5,0.0004704071088211518
low,4,"true","false",3,5,3,3,0.008940194821264376
low,4,"true","true",3,5,3,3,0.004632485650275734
low,4,"true","false",3,5,3,4,0.009820172783288266
low,4,"true","true",3,5,3,4,0.002872830608579435
low,4,"true","false",3,5,3,5,0.010560920969792787
low,4,"true","true",3,5,3,5,0.0013921588227386863
low,4,"true","false",3,5,4,3,0.009820172783288266
low,4,"true","true",3,5,4,3,0.002872830608579435
low,4,"true","false",3,5,4,4,0.010560920969792787
low,4,"true","true",3,5,4,4,0.0013921588227386863
low,4,"true","false",3,5,4,5,0.011022970544485146
low,4,"true","true",3,5,4,5,0.0004704071088211518
low,4,"true","false",3,5,5,3,0.010560920969792787
low,4,"true","true",3,5,5,3,0.0013921588227386863
low,4,"true","false",3,5,5,4,0.011022970544485146
low,4,"true","true",3,5,5,4,0.0004704071088211518
low,4,"true","false",3,5,5,5,0.011204818575675995
low,4,"true","true",3,5,5,5,0.00011354823097229915
low,4,"true","false",4,3,3,3,0.008199079963358443
low,4,"true","true",4,3,3,3,0.006114623466188297
low,4,"true","false",4,3,3,4,0.008940194821264376
low,4,"true","true",4,3,3,4,0.004632485650275734
low,4,"true","false",4,3,3,5,0.009820172783288266
low,4,"true","true",4,3,3,5,0.002872830608579435
low,4,"true","false",4,3,4,3,0.008940194821264376
low,4,"true","true",4,3,4,3,0.004632485650275734
low,4,"true","false",4,3,4,4,0.009820172783288266
low,4,"true","true",4,3,4,4,0.002872830608579435
low,4,"true","false",4,3,4,5,0.010560920969792787
low,4,"true","true",4,3,4,5,0.0013921588227386863
low,4,"true","false",4,3,5,3,0.009820172783288266
low,4,"true","true",4,3,5,3,0.002872830608579435
low,4,"true","false",4,3,5,4,0.010560920969792787
low,4,"true","true",4,3,5,4,0.0013921588227386863
low,4,"true","false",4,3,5,5,0.011022970544485146
low,4,"true","true",4,3,5,5,0.0004704071088211518
low,4,"true","false",4,4,3,3,0.008940194821264376
low,4,"true","true",4,4,3,3,0.004632485650275734
low,4,"true","false",4,4,3,4,0.009820172783288266
low,4,"true","true",4,4,3,4,0.002872830608579435
low,4,"true","false",4,4,3,5,0.010560920969792787
low,4,"true","true",4,4,3,5,0.0013921588227386863
low,4,"true","false",4,4,4,3,0.009820172783288266
low,4,"true","true",4,4,4,3,0.002872830608579435
low,4,"true","false",4,4,4,4,0.010051867167330123
low,4,"true","true",4,4,4,4,0.0018108030699086934
low,4,"true","false",4,4,4,5,0.010726648437678756
low,4,"true","true",4,4,4,5,0.0010377539997789569
low,4,"true","false",4,4,5,3,0.010560920969792787
low,4,"true","true",4,4,5,3,0.0013921588227386863
low,4,"true","false",4,4,5,4,0.010726648437678756
low,4,"true","true",4,4,5,4,0.0010377539997789569
low,4,"true","false",4,4,5,5,0.010804699630739422
low,4,"true","true",4,4,5,5,0.0011481279310656192
low,4,"true","false",4,5,3,3,0.009820172783288266
low,4,"true","true",4,5,3,3,0.002872830608579435
low,4,"true","false",4,5,3,4,0.010560920969792787
low,4,"true","true",4,5,3,4,0.0013921588227386863
low,4,"true","false",4,5,3,5,0.011022970544485146
low,4,"true","true",4,5,3,5,0.0004704071088211518
low,4,"true","false",4,5,4,3,0.010560920969792787
low,4,"true","true",4,5,4,3,0.0013921588227386863
low,4,"true","false",4,5,4,4,0.010726648437678756
low,4,"true","true",4,5,4,4,0.0010377539997789569
low,4,"true","false",4,5,4,5,0.010804699630739422
low,4,"true","true",4,5,4,5,0.0011481279310656192
low,4,"true","false",4,5,5,3,0.011022970544485146
low,4,"true","true",4,5,5,3,0.0004704071088211518
low,4,"true","false",4,5,5,4,0.010804699630739422
low,4,"true","true",4,5,5,4,0.0011481279310656192
low,4,"true","false",4,5,5,5,0.010521663436555828
low,4,"true","true",4,5,5,5,0.0015121411199964213
low,4,"true","false",5,3,3,3,0.008940194821264376
low,4,"true","true",5,3,3,3,0.004632485650275734
low,4,"true","false",5,3,3,4,0.009820172783288266
low,4,"true","true",5,3,3,4,0.002872830608579435
low,4,"true","false",5,3,3,5,0.010560920969792787
low,4,"true","true",5,3,3,5,0.0013921588227386863
low,4,"true","false",5,3,4,3,0.009820172783288266
low,4,"true","true",5,3,4,3,0.002872830608579435
low,4,"true","false",5,3,4,4,0.010560920969792787
low,4,"true","true",5,3,4,4,0.0013921588227386863
low,4,"true","false",5,3,4,5,0.011022970544485146
low,4,"true","true",5,3,4,5,0.0004704071088211518
low,4,"true","false",5,3,5,3,0.010560920969792787
low,4,"true","true",5,3,5,3,0.0013921588227386863
low,4,"true","false",5,3,5,4,0.011022970544485146
low,4,"true","true",5,3,5,4,0.0004704071088211518
low,4,"true","false",5,3,5,5,0.011204818575675995
low,4,"true","true",5,3,5,5,0.00011354823097229915
low,4,"true","false",5,4,3,3,0.009820172783288266
low,4,"true","true",5,4,3,3,0.002872830608579435
low,4,"true","false",5,4,3,4,0.010560920969792787
low,4,"true","true",5,4,3,4,0.0013921588227386863
low,4,"true","false",5,4,3,5,0.011022970544485146
low,4,"true","true",5,4,3,5,0.0004704071088211518
low,4,"true","false",5,4,4,3,0.010560920969792787
low,4,"true","true",5,4,4,3,0.0013921588227386863
low,4,"true","false",5,4,4,4,0.010726648437678756
low,4,"true","true",5,4,4,4,0.0010377539997789569
low,4,"true","false",5,4,4,5,0.010804699630739422
low,4,"true","true",5,4,4,5,0.0011481279310656192
low,4,"true","false",5,4,5,3,0.011022970544485146
low,4,"true","true",5,4,5,3,0.0004704071088211518
low,4,"true","false",5,4,5,4,0.010804699630739422
low,4,"true","true",5,4,5,4,0.0011481279310656192
low,4,"true","false",5,4,5,5,0.010521663436555828
low,4,"true","true",5,4,5,5,0.0015121411199964213
low,4,"true","false",5,5,3,3,0.010560920969792787
low,4,"true","true",5,5,3,3,0.0013921588227386863
low,4,"true","false",5,5,3,4,0.011022970544485146
low,4,"true","true",5,5,3,4,0.0004704071088211518
low,4,"true","false",5,5,3,5,0.011204818575675995
low,4,"true","true",5,5,3,5,0.00011354823097229915
low,4,"true","false",5,5,4,3,0.011022970544485146
low,4,"true","true",5,5,4,3,0.0004704071088211518
low,4,"true","false",5,5,4,4,0.010804699630739422
low,4,"true","true",5,5,4,4,0.0011481279310656192
low,4,"true","false",5,5,4,5,0.010521663436555828
low,4,"true","true",5,5,4,5,0.0015121411199964213
low,4,"true","false",5,5,5,3,0.011204818575675995
low,4,"true","true",5,5,5,3,0.00011354823097229915
low,4,"true","false",5,5,5,4,0.010521663436555828
low,4,"true","true",5,5,5,4,0.0015121411199964213
low,4,"true","false",5,5,5,5,0.010371143186060005
low,4,"true","true",5,5,5,5,0.00166038843420868
no,4,"true","false",3,3,3,3,0.0068592539728193815
no,4,"true","true",3,3,3,3,0.0068592539728193815
no,4,"true","false",3,3,3,4,0.006901585123811705
no,4,"true","true",3,3,3,4,0.006774611507362849
no,4,"true","false",3,3,3,5,0.007070905440133934
no,4,"true","true",3,3,3,5,0.006436058787655213
no,4,"true","false",3,3,4,3,0.006901585123811705
no,4,"true","true",3,3,4,3,0.006774611507362849
no,4,"true","false",3,3,4,4,0.007070905440133934
no,4,"true","true",3,3,4,4,0.006436058787655213
no,4,"true","false",3,3,4,5,0.007494170393334676
no,4,"true","true",3,3,4,5,0.005589820252263273
no,4,"true","false",3,3,5,3,0.007070905440133934
no,4,"true","true",3,3,5,3,0.006436058787655213
no,4,"true","false",3,3,5,4,0.007494170393334676
no,4,"true","true",3,3,5,4,0.005589820252263273
no,4,"true","false",3,3,5,5,0.008171221182804462
no,4,"true","true",3,3,5,5,0.004236530484821867
no,4,"true","false",3,4,3,3,0.006901585123811705
no,4,"true","true",3,4,3,3,0.006774611507362849
no,4,"true","false",3,4,3,4,0.007070905440133934
no,4,"true","true",3,4,3,4,0.006436058787655213
no,4,"true","false",3,4,3,5,0.007494170393334676
no,4,"true","true",3,4,3,5,0.005589820252263273
no,4,"true","false",3,4,4,3,0.007070905440133934
no,4,"true","true",3,4,4,3,0.006436058787655213
no,4,"true","false",3,4,4,4,0.007494170393334676
no,4,"true","true",3,4,4,4,0.005589820252263273
no,4,"true","false",3,4,4,5,0.008171221182804462
no,4,"true","true",3,4,4,5,0.004236530484821867
no,4,"true","false",3,4,5,3,0.007494170393334676
no,4,"true","true",3,4,5,3,0.005589820252263273
no,4,"true","false",3,4,5,4,0.008171221182804462
no,4,"true","true",3,4,5,4,0.004236530484821867
no,4,"true","false",3,4,5,5,0.00897444654739185
no,4,"true","true",3,4,5,5,0.0026325820153498534
no,4,"true","false",3,5,3,3,0.007070905440133934
no,4,"true","true",3,5,3,3,0.006436058787655213
no,4,"true","false",3,5,3,4,0.007494170393334676
no,4,"true","true",3,5,3,4,0.005589820252263273
no,4,"true","false",3,5,3,5,0.008171221182804462
no,4,"true","true",3,5,3,5,0.004236530484821867
no,4,"true","false",3,5,4,3,0.007494170393334676
no,4,"true","true",3,5,4,3,0.005589820252263273
no,4,"true","false",3,5,4,4,0.008171221182804462
no,4,"true","true",3,5,4,4,0.004236530484821867
no,4,"true","false",3,5,4,5,0.00897444654739185
no,4,"true","true",3,5,4,5,0.0026325820153498534
no,4,"true","false",3,5,5,3,0.008171221182804462
no,4,"true","true",3,5,5,3,0.004236530484821867
no,4,"true","false",3,5,5,4,0.00897444654739185
no,4,"true","true",3,5,5,4,0.0026325820153498534
no,4,"true","false",3,5,5,5,0.009647397362824894
no,4,"true","true",3,5,5,5,0.001295574007595208
no,4,"true","false",4,3,3,3,0.006901585123811705
no,4,"true","true",4,3,3,3,0.006774611507362849
no,4,"true","false",4,3,3,4,0.007070905440133934
no,4,"true","true",4,3,3,4,0.006436058787655213
no,4,"true","false",4,3,3,5,0.007494170393334676
no,4,"true","true",4,3,3,5,0.005589820252263273
no,4,"true","false",4,3,4,3,0.007070905440133934
no,4,"true","true",4,3,4,3,0.006436058787655213
no,4,"true","false",4,3,4,4,0.007494170393334676
no,4,"true","true",4,3,4,4,0.005589820252263273
no,4,"true","false",4,3,4,5,0.008171221182804462
no,4,"true","true",4,3,4,5,0.004236530484821867
no,4,"true","false",4,3,5,3,0.007494170393334676
no,4,"true","true",4,3,5,3,0.005589820252263273
no,4,"true","false",4,3,5,4,0.008171221182804462
no,4,"true","true",4,3,5,4,0.004236530484821867
no,4,"true","false",4,3,5,5,0.00897444654739185
no,4,"true","true",4,3,5,5,0.0026325820153498534
no,4,"true","false",4,4,3,3,0.007070905440133934
no,4,"true","true",4,4,3,3,0.006436058787655213
no,4,"true","false",4,4,3,4,0.007494170393334676
no,4,"true","true",4,4,3,4,0.005589820252263273
no,4,"true","false",4,4,3,5,0.008171221182804462
no,4,"true","true",4,4,3,5,0.004236530484821867
no,4,"true","false",4,4,4,3,0.007494170393334676
no,4,"true","true",4,4,4,3,0.005589820252263273
no,4,"true","false",4,4,4,4,0.006726880226325059
no,4,"true","true",4,4,4,4,0.005113899047638246
no,4,"true","false",4,4,4,5,0.007966050081078131
no,4,"true","true",4,4,4,5,0.0035213171571652413
no,4,"true","false",4,4,5,3,0.008171221182804462
no,4,"true","true",4,4,5,3,0.004236530484821867
no,4,"true","false",4,4,5,4,0.007966050081078131
no,4,"true","true",4,4,5,4,0.0035213171571652413
no,4,"true","false",4,4,5,5,0.00884123933798078
no,4,"true","true",4,4,5,5,0.0024244769939906104
no,4,"true","false",4,5,3,3,0.007494170393334676
no,4,"true","true",4,5,3,3,0.005589820252263273
no,4,"true","false",4,5,3,4,0.008171221182804462
no,4,"true","true",4,5,3,4,0.004236530484821867
no,4,"true","false",4,5,3,5,0.00897444654739185
no,4,"true","true",4,5,3,5,0.0026325820153498534
no,4,"true","false",4,5,4,3,0.008171221182804462
no,4,"true","true",4,5,4,3,0.004236530484821867
no,4,"true","false",4,5,4,4,0.007966050081078131
no,4,"true","true",4,5,4,4,0.0035213171571652413
no,4,"true","false",4,5,4,5,0.00884123933798078
no,4,"true","true",4,5,4,5,0.0024244769939906104
no,4,"true","false",4,5,5,3,0.00897444654739185
no,4,"true","true",4,5,5,3,0.0026325820153498534
no,4,"true","false",4,5,5,4,0.00884123933798078
no,4,"true","true",4,5,5,4,0.0024244769939906104
no,4,"true","false",4,5,5,5,0.009172811328807984
no,4,"true","true",4,5,5,5,0.0019037703615088998
no,4,"true","false",5,3,3,3,0.007070905440133934
no,4,"true","true",5,3,3,3,0.006436058787655213
no,4,"true","false",5,3,3,4,0.007494170393334676
no,4,"true","true",5,3,3,4,0.005589820252263273
no,4,"true","false",5,3,3,5,0.008171221182804462
no,4,"true","true",5,3,3,5,0.004236530484821867
no,4,"true","false",5,3,4,3,0.007494170393334676
no,4,"true","true",5,3,4,3,0.005589820252263273
no,4,"true","false",5,3,4,4,0.008171221182804462
no,4,"true","true",5,3,4,4,0.004236530484821867
no,4,"true","false",5,3,4,5,0.00897444654739185
no,4,"true","true",5,3,4,5,0.0026325820153498534
no,4,"true","false",5,3,5,3,0.008171221182804462
no,4,"true","true",5,3,5,3,0.004236530484821867
no,4,"true","false",5,3,5,4,0.00897444654739185
no,4,"true","true",5,3,5,4,0.0026325820153498534
no,4,"true","false",5,3,5,5,0.009647397362824894
no,4,"true","true",5,3,5,5,0.001295574007595208
no,4,"true","false",5,4,3,3,0.007494170393334676
no,4,"true","true",5,4,3,3,0.005589820252263273
no,4,"true","false",5,4,3,4,0.008171221182804462
no,4,"true","true",5,4,3,4,0.004236530484821867
no,4,"true","false",5,4,3,5,0.00897444654739185
no,4,"true","true",5,4,3,5,0.0026325820153498534
no,4,"true","false",5,4,4,3,0.008171221182804462
no,4,"true","true",5,4,4,3,0.004236530484821867
no,4,"true","false",5,4,4,4,0.007966050081078131
no,4,"true","true",5,4,4,4,0.0035213171571652413
no,4,"true","false",5,4,4,5,0.00884123933798078
no,4,"true","true",5,4,4,5,0.0024244769939906104
no,4,"true","false",5,4,5,3,0.00897444654739185
no,4,"true","true",5,4,5,3,0.0026325820153498534
no,4,"true","false",5,4,5,4,0.00884123933798078
no,4,"true","true",5,4,5,4,0.0024244769939906104
no,4,"true","false",5,4,5,5,0.009172811328807984
no,4,"true","true",5,4,5,5,0.0019037703615088998
no,4,"true","false",5,5,3,3,0.008171221182804462
no,4,"true","true",5,5,3,3,0.004236530484821867
no,4,"true","false",5,5,3,4,0.00897444654739185
no,4,"true","true",5,5,3,4,0.0026325820153498534
no,4,"true","false",5,5,3,5,0.009647397362824894
no,4,"true","true",5,5,3,5,0.001295574007595208
no,4,"true","false",5,5,4,3,0.00897444654739185
no,4,"true","true",5,5,4,3,0.0026325820153498534
no,4,"true","false",5,5,4,4,0.00884123933798078
no,4,"true","true",5,5,4,4,0.0024244769939906104
no,4,"true","false",5,5,4,5,0.009172811328807984
no,4,"true","true",5,5,4,5,0.0019037703615088998
no,4,"true","false",5,5,5,3,0.009647397362824894
no,4,"true","true",5,5,5,3,0.001295574007595208
no,4,"true","false",5,5,5,4,0.009172811328807984
no,4,"true","true",5,5,5,4,0.0019037703615088998
no,4,"true","false",5,5,5,5,0.009172811328807984
no,4,"true","true",5,5,5,5,0.0019037703615088998
high,4,"false","false",3,3,3,3,0.011055402064849262
high,4,"false","true",3,3,3,3,0.0014561144402629991
high,4,"false","false",3,3,3,4,0.01172652779825124
high,4,"false","true",3,3,3,4,0.00012925809747081897
high,4,"false","false",3,3,3,5,0.0117280097220974
high,4,"false","true",3,3,3,5,0.0002168799935100067
high,4,"false","false",3,3,4,3,0.01172652779825124
high,4,"false","true",3,3,4,3,0.00012925809747081897
high,4,"false","false",3,3,4,4,0.0117280097220974
high,4,"false","true",3,3,4,4,0.0002168799935100067
high,4,"false","false",3,3,4,5,0.01161813225817301
high,4,"false","true",3,3,4,5,0.0006297776463423539
high,4,"false","false",3,3,5,3,0.0117280097220974
high,4,"false","true",3,3,5,3,0.0002168799935100067
high,4,"false","false",3,3,5,4,0.01161813225817301
high,4,"false","true",3,3,5,4,0.0006297776463423539
high,4,"false","false",3,3,5,5,0.011483987095678796
high,4,"false","true",3,3,5,5,0.0011019780141191824
high,4,"false","false",3,4,3,3,0.01172652779825124
high,4,"false","true",3,4,3,3,0.00012925809747081897
high,4,"false","false",3,4,3,4,0.0117280097220974
high,4,"false","true",3,4,3,4,0.0002168799935100067
high,4,"false","false",3,4,3,5,0.01161813225817301
high,4,"false","true",3,4,3,5,0.0006297776463423539
high,4,"false","false",3,4,4,3,0.0117280097220974
high,4,"false","true",3,4,4,3,0.0002168799935100067
high,4,"false","false",3,4,4,4,0.01161813225817301
high,4,"false","true",3,4,4,4,0.0006297776463423539
high,4,"false","false",3,4,4,5,0.011483987095678796
high,4,"false","true",3,4,4,5,0.0011019780141191824
high,4,"false","false",3,4,5,3,0.01161813225817301
high,4,"false","true",3,4,5,3,0.0006297776463423539
high,4,"false","false",3,4,5,4,0.011483987095678796
high,4,"false","true",3,4,5,4,0.0011019780141191824
high,4,"false","false",3,4,5,5,0.0114874628449693
high,4,"false","true",3,4,5,5,0.0010900321611782265
high,4,"false","false",3,5,3,3,0.0117280097220974
high,4,"false","true",3,5,3,3,0.0002168799935100067
high,4,"false","false",3,5,3,4,0.01161813225817301
high,4,"false","true",3,5,3,4,0.0006297776463423539
high,4,"false","false",3,5,3,5,0.011483987095678796
high,4,"false","true",3,5,3,5,0.0011019780141191824
high,4,"false","false",3,5,4,3,0.01161813225817301
high,4,"false","true",3,5,4,3,0.0006297776463423539
high,4,"false","false",3,5,4,4,0.011483987095678796
high,4,"false","true",3,5,4,4,0.0011019780141191824
high,4,"false","false",3,5,4,5,0.0114874628449693
high,4,"false","true",3,5,4,5,0.0010900321611782265
high,4,"false","false",3,5,5,3,0.011483987095678796
high,4,"false","true",3,5,5,3,0.0011019780141191824
high,4,"false","false",3,5,5,4,0.0114874628449693
high,4,"false","true",3,5,5,4,0.0010900321611782265
high,4,"false","false",3,5,5,5,0.011590712955659924
high,4,"false","true",3,5,5,5,0.000726146229880384
high,4,"false","false",4,3,3,3,0.01172652779825124
high,4,"false","true",4,3,3,3,0.00012925809747081897
high,4,"false","false",4,3,3,4,0.0117280097220974
high,4,"false","true",4,3,3,4,0.0002168799935100067
high,4,"false","false",4,3,3,5,0.01161813225817301
high,4,"false","true",4,3,3,5,0.0006297776463423539
high,4,"false","false",4,3,4,3,0.0117280097220974
high,4,"false","true",4,3,4,3,0.0002168799935100067
high,4,"false","false",4,3,4,4,0.01161813225817301
high,4,"false","true",4,3,4,4,0.0006297776463423539
high,4,"false","false",4,3,4,5,0.011483987095678796
high,4,"false","true",4,3,4,5,0.0011019780141191824
high,4,"false","false",4,3,5,3,0.01161813225817301
high,4,"false","true",4,3,5,3,0.0006297776463423539
high,4,"false","false",4,3,5,4,0.011483987095678796
high,4,"false","true",4,3,5,4,0.0011019780141191824
high,4,"false","false",4,3,5,5,0.0114874628449693
high,4,"false","true",4,3,5,5,0.0010900321611782265
high,4,"false","false",4,4,3,3,0.0117280097220974
high,4,"false","true",4,4,3,3,0.0002168799935100067
high,4,"false","false",4,4,3,4,0.01161813225817301
high,4,"false","true",4,4,3,4,0.0006297776463423539
high,4,"false","false",4,4,3,5,0.011483987095678796
high,4,"false","true",4,4,3,5,0.0011019780141191824
high,4,"false","false",4,4,4,3,0.01161813225817301
high,4,"false","true",4,4,4,3,0.0006297776463423539
high,4,"false","false",4,4,4,4,0.011483987095678796
high,4,"false","true",4,4,4,4,0.0011019780141191824
high,4,"false","false",4,4,4,5,0.0114874628449693
high,4,"false","true",4,4,4,5,0.0010900321611782265
high,4,"false","false",4,4,5,3,0.011483987095678796
high,4,"false","true",4,4,5,3,0.0011019780141191824
high,4,"false","false",4,4,5,4,0.0114874628449693
high,4,"false","true",4,4,5,4,0.0010900321611782265
high,4,"false","false",4,4,5,5,0.011590712955659924
high,4,"false","true",4,4,5,5,0.000726146229880384
high,4,"false","false",4,5,3,3,0.01161813225817301
high,4,"false","true",4,5,3,3,0.0006297776463423539
high,4,"false","false",4,5,3,4,0.011483987095678796
high,4,"false","true",4,5,3,4,0.0011019780141191824
high,4,"false","false",4,5,3,5,0.0114874628449693
high,4,"false","true",4,5,3,5,0.0010900321611782265
high,4,"false","false",4,5,4,3,0.011483987095678796
high,4,"false","true",4,5,4,3,0.0011019780141191824
high,4,"false","false",4,5,4,4,0.0114874628449693
high,4,"false","true",4,5,4,4,0.0010900321611782265
high,4,"false","false",4,5,4,5,0.011590712955659924
high,4,"false","true",4,5,4,5,0.000726146229880384
high,4,"false","false",4,5,5,3,0.0114874628449693
high,4,"false","true",4,5,5,3,0.0010900321611782265
high,4,"false","false",4,5,5,4,0.011590712955659924
high,4,"false","true",4,5,5,4,0.000726146229880384
high,4,"false","false",4,5,5,5,0.011610820208343123
high,4,"false","true",4,5,5,5,0.0006174244240723441
high,4,"false","false",5,3,3,3,0.0117280097220974
high,4,"false","true",5,3,3,3,0.0002168799935100067
high,4,"false","false",5,3,3,4,0.01161813225817301
high,4,"false","true",5,3,3,4,0.0006297776463423539
high,4,"false","false",5,3,3,5,0.011483987095678796
high,4,"false","true",5,3,3,5,0.0011019780141191824
high,4,"false","false",5,3,4,3,0.01161813225817301
high,4,"false","true",5,3,4,3,0.0006297776463423539
high,4,"false","false",5,3,4,4,0.011483987095678796
high,4,"false","true",5,3,4,4,0.0011019780141191824
high,4,"false","false",5,3,4,5,0.0114874628449693
high,4,"false","true",5,3,4,5,0.0010900321611782265
high,4,"false","false",5,3,5,3,0.011483987095678796
high,4,"false","true",5,3,5,3,0.0011019780141191824
high,4,"false","false",5,3,5,4,0.0114874628449693
high,4,"false","true",5,3,5,4,0.0010900321611782265
high,4,"false","false",5,3,5,5,0.011590712955659924
high,4,"false","true",5,3,5,5,0.000726146229880384
high,4,"false","false",5,4,3,3,0.01161813225817301
high,4,"false","true",5,4,3,3,0.0006297776463423539
high,4,"false","false",5,4,3,4,0.011483987095678796
high,4,"false","true",5,4,3,4,0.0011019780141191824
high,4,"false","false",5,4,3,5,0.0114874628449693
high,4,"false","true",5,4,3,5,0.0010900321611782265
high,4,"false","false",5,4,4,3,0.011483987095678796
high,4,"false","true",5,4,4,3,0.0011019780141191824
high,4,"false","false",5,4,4,4,0.0114874628449693
high,4,"false","true",5,4,4,4,0.0010900321611782265
high,4,"false","false",5,4,4,5,0.011590712955659924
high,4,"false","true",5,4,4,5,0.000726146229880384
high,4,"false","false",5,4,5,3,0.0114874628449693
high,4,"false","true",5,4,5,3,0.0010900321611782265
high,4,"false","false",5,4,5,4,0.011590712955659924
high,4,"false","true",5,4,5,4,0.000726146229880384
high,4,"false","false",5,4,5,5,0.011610820208343123
high,4,"false","true",5,4,5,5,0.0006174244240723441
high,4,"false","false",5,5,3,3,0.011483987095678796
high,4,"false","true",5,5,3,3,0.0011019780141191824
high,4,"false","false",5,5,3,4,0.0114874628449693
high,4,"false","true",5,5,3,4,0.0010900321611782265
high,4,"false","false",5,5,3,5,0.011590712955659924
high,4,"false","true",5,5,3,5,0.000726146229880384
high,4,"false","false",5,5,4,3,0.0114874628449693
high,4,"false","true",5,5,4,3,0.0010900321611782265
high,4,"false","false",5,5,4,4,0.011590712955659924
high,4,"false","true",5,5,4,4,0.000726146229880384
high,4,"false","false",5,5,4,5,0.011610820208343123
high,4,"false","true",5,5,4,5,0.0006174244240723441
high,4,"false","false",5,5,5,3,0.011590712955659924
high,4,"false","true",5,5,5,3,0.000726146229880384
high,4,"false","false",5,5,5,4,0.011610820208343123
high,4,"false","true",5,5,5,4,0.0006174244240723441
high,4,"false","false",5,5,5,5,0.011619041785460487
high,4,"false","true",5,5,5,5,0.000576014928632014
mid,4,"false","false",3,3,3,3,0.009222485573745484
mid,4,"false","true",3,3,3,3,0.004778644645269308
mid,4,"false","false",3,3,3,4,0.010129008401442851
mid,4,"false","true",3,3,3,4,0.0029683808789393697
mid,4,"false","false",3,3,3,5,0.011343203995343179
mid,4,"false","true",3,3,3,5,0.0005948633371797569
mid,4,"false","false",3,3,4,3,0.010129008401442851
mid,4,"false","true",3,3,4,3,0.0029683808789393697
mid,4,"false","false",3,3,4,4,0.011343203995343179
mid,4,"false","true",3,3,4,4,0.0005948633371797569
mid,4,"false","false",3,3,4,5,0.011439214817560363
mid,4,"false","true",3,3,4,5,0.0005700216933372144
mid,4,"false","false",3,3,5,3,0.011343203995343179
mid,4,"false","true",3,3,5,3,0.0005948633371797569
mid,4,"false","false",3,3,5,4,0.011439214817560363
mid,4,"false","true",3,3,5,4,0.0005700216933372144
mid,4,"false","false",3,3,5,5,0.011319085146184361
mid,4,"false","true",3,3,5,5,0.0010558996420292834
mid,4,"false","false",3,4,3,3,0.010129008401442851
mid,4,"false","true",3,4,3,3,0.0029683808789393697
mid,4,"false","false",3,4,3,4,0.011343203995343179
mid,4,"false","true",3,4,3,4,0.0005948633371797569
mid,4,"false","false",3,4,3,5,0.011439214817560363
mid,4,"false","true",3,4,3,5,0.0005700216933372144
mid,4,"false","false",3,4,4,3,0.011343203995343179
mid,4,"false","true",3,4,4,3,0.0005948633371797569
mid,4,"false","false",3,4,4,4,0.011439214817560363
mid,4,"false","true",3,4,4,4,0.0005700216933372144
mid,4,"false","false",3,4,4,5,0.011319085146184361
mid,4,"false","true",3,4,4,5,0.0010558996420292834
mid,4,"false","false",3,4,5,3,0.011439214817560363
mid,4,"false","true",3,4,5,3,0.0005700216933372144
mid,4,"false","false",3,4,5,4,0.011319085146184361
mid,4,"false","true",3,4,5,4,0.0010558996420292834
mid,4,"false","false",3,4,5,5,0.01123788236999961
mid,4,"false","true",3,4,5,5,0.001321791647733001
mid,4,"false","false",3,5,3,3,0.011343203995343179
mid,4,"false","true",3,5,3,3,0.0005948633371797569
mid,4,"false","false",3,5,3,4,0.011439214817560363
mid,4,"false","true",3,5,3,4,0.0005700216933372144
mid,4,"false","false",3,5,3,5,0.011319085146184361
mid,4,"false","true",3,5,3,5,0.0010558996420292834
mid,4,"false","false",3,5,4,3,0.011439214817560363
mid,4,"false","true",3,5,4,3,0.0005700216933372144
mid,4,"false","false",3,5,4,4,0.011319085146184361
mid,4,"false","true",3,5,4,4,0.0010558996420292834
mid,4,"false","false",3,5,4,5,0.01123788236999961
mid,4,"false","true",3,5,4,5,0.001321791647733001
mid,4,"false","false",3,5,5,3,0.011319085146184361
mid,4,"false","true",3,5,5,3,0.0010558996420292834
mid,4,"false","false",3,5,5,4,0.01123788236999961
mid,4,"false","true",3,5,5,4,0.001321791647733001
mid,4,"false","false",3,5,5,5,0.011287708778779168
mid,4,"false","true",3,5,5,5,0.0011482100220535918
mid,4,"false","false",4,3,3,3,0.010129008401442851
mid,4,"false","true",4,3,3,3,0.0029683808789393697
mid,4,"false","false",4,3,3,4,0.011343203995343179
mid,4,"false","true",4,3,3,4,0.0005948633371797569
mid,4,"false","false",4,3,3,5,0.011439214817560363
mid,4,"false","true",4,3,3,5,0.0005700216933372144
mid,4,"false","false",4,3,4,3,0.011343203995343179
mid,4,"false","true",4,3,4,3,0.0005948633371797569
mid,4,"false","false",4,3,4,4,0.011439214817560363
mid,4,"false","true",4,3,4,4,0.0005700216933372144
mid,4,"false","false",4,3,4,5,0.011319085146184361
mid,4,"false","true",4,3,4,5,0.0010558996420292834
mid,4,"false","false",4,3,5,3,0.011439214817560363
mid,4,"false","true",4,3,5,3,0.0005700216933372144
mid,4,"false","false",4,3,5,4,0.011319085146184361
mid,4,"false","true",4,3,5,4,0.0010558996420292834
mid,4,"false","false",4,3,5,5,0.01123788236999961
mid,4,"false","true",4,3,5,5,0.001321791647733001
mid,4,"false","false",4,4,3,3,0.011343203995343179
mid,4,"false","true",4,4,3,3,0.0005948633371797569
mid,4,"false","false",4,4,3,4,0.011439214817560363
mid,4,"false","true",4,4,3,4,0.0005700216933372144
mid,4,"false","false",4,4,3,5,0.011319085146184361
mid,4,"false","true",4,4,3,5,0.0010558996420292834
mid,4,"false","false",4,4,4,3,0.011439214817560363
mid,4,"false","true",4,4,4,3,0.0005700216933372144
mid,4,"false","false",4,4,4,4,0.011319085146184361
mid,4,"false","true",4,4,4,4,0.0010558996420292834
mid,4,"false","false",4,4,4,5,0.01123788236999961
mid,4,"false","true",4,4,4,5,0.001321791647733001
mid,4,"false","false",4,4,5,3,0.011319085146184361
mid,4,"false","true",4,4,5,3,0.0010558996420292834
mid,4,"false","false",4,4,5,4,0.01123788236999961
mid,4,"false","true",4,4,5,4,0.001321791647733001
mid,4,"false","false",4,4,5,5,0.011287708778779168
mid,4,"false","true",4,4,5,5,0.0011482100220535918
mid,4,"false","false",4,5,3,3,0.011439214817560363
mid,4,"false","true",4,5,3,3,0.0005700216933372144
mid,4,"false","false",4,5,3,4,0.011319085146184361
mid,4,"false","true",4,5,3,4,0.0010558996420292834
mid,4,"false","false",4,5,3,5,0.01123788236999961
mid,4,"false","true",4,5,3,5,0.001321791647733001
mid,4,"false","false",4,5,4,3,0.011319085146184361
mid,4,"false","true",4,5,4,3,0.0010558996420292834
mid,4,"false","false",4,5,4,4,0.01123788236999961
mid,4,"false","true",4,5,4,4,0.001321791647733001
mid,4,"false","false",4,5,4,5,0.011287708778779168
mid,4,"false","true",4,5,4,5,0.0011482100220535918
mid,4,"false","false",4,5,5,3,0.01123788236999961
mid,4,"false","true",4,5,5,3,0.001321791647733001
mid,4,"false","false",4,5,5,4,0.011287708778779168
mid,4,"false","true",4,5,5,4,0.0011482100220535918
mid,4,"false","false",4,5,5,5,0.011267238126627653
mid,4,"false","true",4,5,5,5,0.0010739597660520228
mid,4,"false","false",5,3,3,3,0.011343203995343179
mid,4,"false","true",5,3,3,3,0.0005948633371797569
mid,4,"false","false",5,3,3,4,0.011439214817560363
mid,4,"false","true",5,3,3,4,0.0005700216933372144
mid,4,"false","false",5,3,3,5,0.011319085146184361
mid,4,"false","true",5,3,3,5,0.0010558996420292834
mid,4,"false","false",5,3,4,3,0.011439214817560363
mid,4,"false","true",5,3,4,3,0.0005700216933372144
mid,4,"false","false",5,3,4,4,0.011319085146184361
mid,4,"false","true",5,3,4,4,0.0010558996420292834
mid,4,"false","false",5,3,4,5,0.01123788236999961
mid,4,"false","true",5,3,4,5,0.001321791647733001
mid,4,"false","false",5,3,5,3,0.011319085146184361
mid,4,"false","true",5,3,5,3,0.0010558996420292834
mid,4,"false","false",5,3,5,4,0.01123788236999961
mid,4,"false","true",5,3,5,4,0.001321791647733001
mid,4,"false","false",5,3,5,5,0.011287708778779168
mid,4,"false","true",5,3,5,5,0.0011482100220535918
mid,4,"false","false",5,4,3,3,0.011439214817560363
mid,4,"false","true",5,4,3,3,0.0005700216933372144
mid,4,"false","false",5,4,3,4,0.011319085146184361
mid,4,"false","true",5,4,3,4,0.0010558996420292834
mid,4,"false","false",5,4,3,5,0.01123788236999961
mid,4,"false","true",5,4,3,5,0.001321791647733001
mid,4,"false","false",5,4,4,3,0.011319085146184361
mid,4,"false","true",5,4,4,3,0.0010558996420292834
mid,4,"false","false",5,4,4,4,0.01123788236999961
mid,4,"false","true",5,4,4,4,0.001321791647733001
mid,4,"false","false",5,4,4,5,0.011287708778779168
mid,4,"false","true",5,4,4,5,0.0011482100220535918
mid,4,"false","false",5,4,5,3,0.01123788236999961
mid,4,"false","true",5,4,5,3,0.001321791647733001
mid,4,"false","false",5,4,5,4,0.011287708778779168
mid,4,"false","true",5,4,5,4,0.0011482100220535918
mid,4,"false","false",5,4,5,5,0.011267238126627653
mid,4,"false","true",5,4,5,5,0.0010739597660520228
mid,4,"false","false",5,5,3,3,0.011319085146184361
mid,4,"false","true",5,5,3,3,0.0010558996420292834
mid,4,"false","false",5,5,3,4,0.01123788236999961
mid,4,"false","true",5,5,3,4,0.001321791647733001
mid,4,"false","false",5,5,3,5,0.011287708778779168
mid,4,"false","true",5,5,3,5,0.0011482100220535918
mid,4,"false","false",5,5,4,3,0.01123788236999961
mid,4,"false","true",5,5,4,3,0.001321791647733001
mid,4,"false","false",5,5,4,4,0.011287708778779168
mid,4,"false","true",5,5,4,4,0.0011482100220535918
mid,4,"false","false",5,5,4,5,0.011267238126627653
mid,4,"false","true",5,5,4,5,0.0010739597660520228
mid,4,"false","false",5,5,5,3,0.011287708778779168
mid,4,"false","true",5,5,5,3,0.0011482100220535918
mid,4,"false","false",5,5,5,4,0.011267238126627653
mid,4,"false","true",5,5,5,4,0.0010739597660520228
mid,4,"false","false",5,5,5,5,0.011254112121302734
mid,4,"false","true",5,5,5,5,0.0010232681997342028
low,4,"false","false",3,3,3,3,0.007447243023575097
low,4,"false","true",3,3,3,3,0.006778333402177991
low,4,"false","false",3,3,3,4,0.007893007100538538
low,4,"false","true",3,3,3,4,0.00588716108664253
low,4,"false","false",3,3,3,5,0.008601179065480214
low,4,"false","true",3,3,3,5,0.004481110647271517
low,4,"false","false",3,3,4,3,0.007893007100538538
low,4,"false","true",3,3,4,3,0.00588716108664253
low,4,"false","false",3,3,4,4,0.008601179065480214
low,4,"false","true",3,3,4,4,0.004481110647271517
low,4,"false","false",3,3,4,5,0.009403684477883043
low,4,"false","true",3,3,4,5,0.0029550255747455446
low,4,"false","false",3,3,5,3,0.008601179065480214
low,4,"false","true",3,3,5,3,0.004481110647271517
low,4,"false","false",3,3,5,4,0.009403684477883043
low,4,"false","true",3,3,5,4,0.0029550255747455446
low,4,"false","false",3,3,5,5,0.009964426302320776
low,4,"false","true",3,3,5,5,0.002070057688006808
low,4,"false","false",3,4,3,3,0.007893007100538538
low,4,"false","true",3,4,3,3,0.00588716108664253
low,4,"false","false",3,4,3,4,0.008601179065480214
low,4,"false","true",3,4,3,4,0.004481110647271517
low,4,"false","false",3,4,3,5,0.009403684477883043
low,4,"false","true",3,4,3,5,0.0029550255747455446
low,4,"false","false",3,4,4,3,0.008601179065480214
low,4,"false","true",3,4,4,3,0.004481110647271517
low,4,"false","false",3,4,4,4,0.009403684477883043
low,4,"false","true",3,4,4,4,0.0029550255747455446
low,4,"false","false",3,4,4,5,0.009964426302320776
low,4,"false","true",3,4,4,5,0.002070057688006808
low,4,"false","false",3,4,5,3,0.009403684477883043
low,4,"false","true",3,4,5,3,0.0029550255747455446
low,4,"false","false",3,4,5,4,0.009964426302320776
low,4,"false","true",3,4,5,4,0.002070057688006808
low,4,"false","false",3,4,5,5,0.010196665793402103
low,4,"false","true",3,4,5,5,0.0018697271417283078
low,4,"false","false",3,5,3,3,0.008601179065480214
low,4,"false","true",3,5,3,3,0.004481110647271517
low,4,"false","false",3,5,3,4,0.009403684477883043
low,4,"false","true",3,5,3,4,0.0029550255747455446
low,4,"false","false",3,5,3,5,0.009964426302320776
low,4,"false","true",3,5,3,5,0.002070057688006808
low,4,"false","false",3,5,4,3,0.009403684477883043
low,4,"false","true",3,5,4,3,0.0029550255747455446
low,4,"false","false",3,5,4,4,0.009964426302320776
low,4,"false","true",3,5,4,4,0.002070057688006808
low,4,"false","false",3,5,4,5,0.010196665793402103
low,4,"false","true",3,5,4,5,0.0018697271417283078
low,4,"false","false",3,5,5,3,0.009964426302320776
low,4,"false","true",3,5,5,3,0.002070057688006808
low,4,"false","false",3,5,5,4,0.010196665793402103
low,4,"false","true",3,5,5,4,0.0018697271417283078
low,4,"false","false",3,5,5,5,0.010216049030584111
low,4,"false","true",3,5,5,5,0.0018930475481274008
low,4,"false","false",4,3,3,3,0.007893007100538538
low,4,"false","true",4,3,3,3,0.00588716108664253
low,4,"false","false",4,3,3,4,0.008601179065480214
low,4,"false","true",4,3,3,4,0.004481110647271517
low,4,"false","false",4,3,3,5,0.009403684477883043
low,4,"false","true",4,3,3,5,0.0029550255747455446
low,4,"false","false",4,3,4,3,0.008601179065480214
low,4,"false","true",4,3,4,3,0.004481110647271517
low,4,"false","false",4,3,4,4,0.009403684477883043
low,4,"false","true",4,3,4,4,0.0029550255747455446
low,4,"false","false",4,3,4,5,0.009964426302320776
low,4,"false","true",4,3,4,5,0.002070057688006808
low,4,"false","false",4,3,5,3,0.009403684477883043
low,4,"false","true",4,3,5,3,0.0029550255747455446
low,4,"false","false",4,3,5,4,0.009964426302320776
low,4,"false","true",4,3,5,4,0.002070057688006808
low,4,"false","false",4,3,5,5,0.010196665793402103
low,4,"false","true",4,3,5,5,0.0018697271417283078
low,4,"false","false",4,4,3,3,0.008601179065480214
low,4,"false","true",4,4,3,3,0.004481110647271517
low,4,"false","false",4,4,3,4,0.009403684477883043
low,4,"false","true",4,4,3,4,0.0029550255747455446
low,4,"false","false",4,4,3,5,0.009964426302320776
low,4,"false","true",4,4,3,5,0.002070057688006808
low,4,"false","false",4,4,4,3,0.009403684477883043
low,4,"false","true",4,4,4,3,0.0029550255747455446
low,4,"false","false",4,4,4,4,0.009964426302320776
low,4,"false","true",4,4,4,4,0.002070057688006808
low,4,"false","false",4,4,4,5,0.010196665793402103
low,4,"false","true",4,4,4,5,0.0018697271417283078
low,4,"false","false",4,4,5,3,0.009964426302320776
low,4,"false","true",4,4,5,3,0.002070057688006808
low,4,"false","false",4,4,5,4,0.010196665793402103
low,4,"false","true",4,4,5,4,0.0018697271417283078
low,4,"false","false",4,4,5,5,0.010216049030584111
low,4,"false","true",4,4,5,5,0.0018930475481274008
low,4,"false","false",4,5,3,3,0.009403684477883043
low,4,"false","true",4,5,3,3,0.0029550255747455446
low,4,"false","false",4,5,3,4,0.009964426302320776
low,4,"false","true",4,5,3,4,0.002070057688006808
low,4,"false","false",4,5,3,5,0.010196665793402103
low,4,"false","true",4,5,3,5,0.0018697271417283078
low,4,"false","false",4,5,4,3,0.009964426302320776
low,4,"false","true",4,5,4,3,0.002070057688006808
low,4,"false","false",4,5,4,4,0.010196665793402103
low,4,"false","true",4,5,4,4,0.0018697271417283078
low,4,"false","false",4,5,4,5,0.010216049030584111
low,4,"false","true",4,5,4,5,0.0018930475481274008
low,4,"false","false",4,5,5,3,0.010196665793402103
low,4,"false","true",4,5,5,3,0.0018697271417283078
low,4,"false","false",4,5,5,4,0.010216049030584111
low,4,"false","true",4,5,5,4,0.0018930475481274008
low,4,"false","false",4,5,5,5,0.009974788938504925
low,4,"false","true",4,5,5,5,0.0019503121833394
low,4,"false","false",5,3,3,3,0.008601179065480214
low,4,"false","true",5,3,3,3,0.004481110647271517
low,4,"false","false",5,3,3,4,0.009403684477883043
low,4,"false","true",5,3,3,4,0.0029550255747455446
low,4,"false","false",5,3,3,5,0.009964426302320776
low,4,"false","true",5,3,3,5,0.002070057688006808
low,4,"false","false",5,3,4,3,0.009403684477883043
low,4,"false","true",5,3,4,3,0.0029550255747455446
low,4,"false","false",5,3,4,4,0.009964426302320776
low,4,"false","true",5,3,4,4,0.002070057688006808
low,4,"false","false",5,3,4,5,0.010196665793402103
low,4,"false","true",5,3,4,5,0.0018697271417283078
low,4,"false","false",5,3,5,3,0.009964426302320776
low,4,"false","true",5,3,5,3,0.002070057688006808
low,4,"false","false",5,3,5,4,0.010196665793402103
low,4,"false","true",5,3,5,4,0.0018697271417283078
low,4,"false","false",5,3,5,5,0.010216049030584111
low,4,"false","true",5,3,5,5,0.0018930475481274008
low,4,"false","false",5,4,3,3,0.009403684477883043
low,4,"false","true",5,4,3,3,0.0029550255747455446
low,4,"false","false",5,4,3,4,0.009964426302320776
low,4,"false","true",5,4,3,4,0.002070057688006808
low,4,"false","false",5,4,3,5,0.010196665793402103
low,4,"false","true",5,4,3,5,0.0018697271417283078
low,4,"false","false",5,4,4,3,0.009964426302320776
low,4,"false","true",5,4,4,3,0.002070057688006808
low,4,"false","false",5,4,4,4,0.010196665793402103
low,4,"false","true",5,4,4,4,0.0018697271417283078
low,4,"false","false",5,4,4,5,0.010216049030584111
low,4,"false","true",5,4,4,5,0.0018930475481274008
low,4,"false","false",5,4,5,3,0.010196665793402103
low,4,"false","true",5,4,5,3,0.0018697271417283078
low,4,"false","false",5,4,5,4,0.010216049030584111
low,4,"false","true",5,4,5,4,0.0018930475481274008
low,4,"false","false",5,4,5,5,0.009974788938504925
low,4,"false","true",5,4,5,5,0.0019503121833394
low,4,"false","false",5,5,3,3,0.009964426302320776
low,4,"false","true",5,5,3,3,0.002070057688006808
low,4,"false","false",5,5,3,4,0.010196665793402103
low,4,"false","true",5,5,3,4,0.0018697271417283078
low,4,"false","false",5,5,3,5,0.010216049030584111
low,4,"false","true",5,5,3,5,0.0018930475481274008
low,4,"false","false",5,5,4,3,0.010196665793402103
low,4,"false","true",5,5,4,3,0.0018697271417283078
low,4,"false","false",5,5,4,4,0.010216049030584111
low,4,"false","true",5,5,4,4,0.0018930475481274008
low,4,"false","false",5,5,4,5,0.009974788938504925
low,4,"false","true",5,5,4,5,0.0019503121833394
low,4,"false","false",5,5,5,3,0.010216049030584111
low,4,"false","true",5,5,5,3,0.0018930475481274008
low,4,"false","false",5,5,5,4,0.009974788938504925
low,4,"false","true",5,5,5,4,0.0019503121833394
low,4,"false","false",5,5,5,5,0.009984199822789953
low,4,"false","true",5,5,5,5,0.0015984399803553996
no,4,"false","false",3,3,3,3,0.0066040742193100984
no,4,"false","true",3,3,3,3,0.0066040742193100984
no,4,"false","false",3,3,3,4,0.0066446874283158895
no,4,"false","true",3,3,3,4,0.006523150884947813
no,4,"false","false",3,3,3,5,0.006802757285653566
no,4,"false","true",3,3,3,5,0.006216493150376555
no,4,"false","false",3,3,4,3,0.0066446874283158895
no,4,"false","true",3,3,4,3,0.006523150884947813
no,4,"false","false",3,3,4,4,0.006802757285653566
no,4,"false","true",3,3,4,4,0.006216493150376555
no,4,"false","false",3,3,4,5,0.0071676477982610814
no,4,"false","true",3,3,4,5,0.005558617529121085
no,4,"false","false",3,3,5,3,0.006802757285653566
no,4,"false","true",3,3,5,3,0.006216493150376555
no,4,"false","false",3,3,5,4,0.0071676477982610814
no,4,"false","true",3,3,5,4,0.005558617529121085
no,4,"false","false",3,3,5,5,0.007678502142448243
no,4,"false","true",3,3,5,5,0.004744197746449289
no,4,"false","false",3,4,3,3,0.0066446874283158895
no,4,"false","true",3,4,3,3,0.006523150884947813
no,4,"false","false",3,4,3,4,0.006802757285653566
no,4,"false","true",3,4,3,4,0.006216493150376555
no,4,"false","false",3,4,3,5,0.0071676477982610814
no,4,"false","true",3,4,3,5,0.005558617529121085
no,4,"false","false",3,4,4,3,0.006802757285653566
no,4,"false","true",3,4,4,3,0.006216493150376555
no,4,"false","false",3,4,4,4,0.0071676477982610814
no,4,"false","true",3,4,4,4,0.005558617529121085
no,4,"false","false",3,4,4,5,0.007678502142448243
no,4,"false","true",3,4,4,5,0.004744197746449289
no,4,"false","false",3,4,5,3,0.0071676477982610814
no,4,"false","true",3,4,5,3,0.005558617529121085
no,4,"false","false",3,4,5,4,0.007678502142448243
no,4,"false","true",3,4,5,4,0.004744197746449289
no,4,"false","false",3,4,5,5,0.008226027166217264
no,4,"false","true",3,4,5,5,0.0038453082798638643
no,4,"false","false",3,5,3,3,0.006802757285653566
no,4,"false","true",3,5,3,3,0.006216493150376555
no,4,"false","false",3,5,3,4,0.0071676477982610814
no,4,"false","true",3,5,3,4,0.005558617529121085
no,4,"false","false",3,5,3,5,0.007678502142448243
no,4,"false","true",3,5,3,5,0.004744197746449289
no,4,"false","false",3,5,4,3,0.0071676477982610814
no,4,"false","true",3,5,4,3,0.005558617529121085
no,4,"false","false",3,5,4,4,0.007678502142448243
no,4,"false","true",3,5,4,4,0.004744197746449289
no,4,"false","false",3,5,4,5,0.008226027166217264
no,4,"false","true",3,5,4,5,0.0038453082798638643
no,4,"false","false",3,5,5,3,0.007678502142448243
no,4,"false","true",3,5,5,3,0.004744197746449289
no,4,"false","false",3,5,5,4,0.008226027166217264
no,4,"false","true",3,5,5,4,0.0038453082798638643
no,4,"false","false",3,5,5,5,0.008579049024244825
no,4,"false","true",3,5,5,5,0.0030454180497644606
no,4,"false","false",4,3,3,3,0.0066446874283158895
no,4,"false","true",4,3,3,3,0.006523150884947813
no,4,"false","false",4,3,3,4,0.006802757285653566
no,4,"false","true",4,3,3,4,0.006216493150376555
no,4,"false","false",4,3,3,5,0.0071676477982610814
no,4,"false","true",4,3,3,5,0.005558617529121085
no,4,"false","false",4,3,4,3,0.006802757285653566
no,4,"false","true",4,3,4,3,0.006216493150376555
no,4,"false","false",4,3,4,4,0.0071676477982610814
no,4,"false","true",4,3,4,4,0.005558617529121085
no,4,"false","false",4,3,4,5,0.007678502142448243
no,4,"false","true",4,3,4,5,0.004744197746449289
no,4,"false","false",4,3,5,3,0.0071676477982610814
no,4,"false","true",4,3,5,3,0.005558617529121085
no,4,"false","false",4,3,5,4,0.007678502142448243
no,4,"false","true",4,3,5,4,0.004744197746449289
no,4,"false","false",4,3,5,5,0.008226027166217264
no,4,"false","true",4,3,5,5,0.0038453082798638643
no,4,"false","false",4,4,3,3,0.006802757285653566
no,4,"false","true",4,4,3,3,0.006216493150376555
no,4,"false","false",4,4,3,4,0.0071676477982610814
no,4,"false","true",4,4,3,4,0.005558617529121085
no,4,"false","false",4,4,3,5,0.007678502142448243
no,4,"false","true",4,4,3,5,0.004744197746449289
no,4,"false","false",4,4,4,3,0.0071676477982610814
no,4,"false","true",4,4,4,3,0.005558617529121085
no,4,"false","false",4,4,4,4,0.007678502142448243
no,4,"false","true",4,4,4,4,0.004744197746449289
no,4,"false","false",4,4,4,5,0.008226027166217264
no,4,"false","true",4,4,4,5,0.0038453082798638643
no,4,"false","false",4,4,5,3,0.007678502142448243
no,4,"false","true",4,4,5,3,0.004744197746449289
no,4,"false","false",4,4,5,4,0.008226027166217264
no,4,"false","true",4,4,5,4,0.0038453082798638643
no,4,"false","false",4,4,5,5,0.008579049024244825
no,4,"false","true",4,4,5,5,0.0030454180497644606
no,4,"false","false",4,5,3,3,0.0071676477982610814
no,4,"false","true",4,5,3,3,0.005558617529121085
no,4,"false","false",4,5,3,4,0.007678502142448243
no,4,"false","true",4,5,3,4,0.004744197746449289
no,4,"false","false",4,5,3,5,0.008226027166217264
no,4,"false","true",4,5,3,5,0.0038453082798638643
no,4,"false","false",4,5,4,3,0.007678502142448243
no,4,"false","true",4,5,4,3,0.004744197746449289
no,4,"false","false",4,5,4,4,0.008226027166217264
no,4,"false","true",4,5,4,4,0.0038453082798638643
no,4,"false","false",4,5,4,5,0.008579049024244825
no,4,"false","true",4,5,4,5,0.0030454180497644606
no,4,"false","false",4,5,5,3,0.008226027166217264
no,4,"false","true",4,5,5,3,0.0038453082798638643
no,4,"false","false",4,5,5,4,0.008579049024244825
no,4,"false","true",4,5,5,4,0.0030454180497644606
no,4,"false","false",4,5,5,5,0.00861126265769109
no,4,"false","true",4,5,5,5,0.0024452136251211396
no,4,"false","false",5,3,3,3,0.006802757285653566
no,4,"false","true",5,3,3,3,0.006216493150376555
no,4,"false","false",5,3,3,4,0.0071676477982610814
no,4,"false","true",5,3,3,4,0.005558617529121085
no,4,"false","false",5,3,3,5,0.007678502142448243
no,4,"false","true",5,3,3,5,0.004744197746449289
no,4,"false","false",5,3,4,3,0.0071676477982610814
no,4,"false","true",5,3,4,3,0.005558617529121085
no,4,"false","false",5,3,4,4,0.007678502142448243
no,4,"false","true",5,3,4,4,0.004744197746449289
no,4,"false","false",5,3,4,5,0.008226027166217264
no,4,"false","true",5,3,4,5,0.0038453082798638643
no,4,"false","false",5,3,5,3,0.007678502142448243
no,4,"false","true",5,3,5,3,0.004744197746449289
no,4,"false","false",5,3,5,4,0.008226027166217264
no,4,"false","true",5,3,5,4,0.0038453082798638643
no,4,"false","false",5,3,5,5,0.008579049024244825
no,4,"false","true",5,3,5,5,0.0030454180497644606
no,4,"false","false",5,4,3,3,0.0071676477982610814
no,4,"false","true",5,4,3,3,0.005558617529121085
no,4,"false","false",5,4,3,4,0.007678502142448243
no,4,"false","true",5,4,3,4,0.004744197746449289
no,4,"false","false",5,4,3,5,0.008226027166217264
no,4,"false","true",5,4,3,5,0.0038453082798638643
no,4,"false","false",5,4,4,3,0.007678502142448243
no,4,"false","true",5,4,4,3,0.004744197746449289
no,4,"false","false",5,4,4,4,0.008226027166217264
no,4,"false","true",5,4,4,4,0.0038453082798638643
no,4,"false","false",5,4,4,5,0.008579049024244825
no,4,"false","true",5,4,4,5,0.0030454180497644606
no,4,"false","false",5,4,5,3,0.008226027166217264
no,4,"false","true",5,4,5,3,0.0038453082798638643
no,4,"false","false",5,4,5,4,0.008579049024244825
no,4,"false","true",5,4,5,4,0.0030454180497644606
no,4,"false","false",5,4,5,5,0.00861126265769109
no,4,"false","true",5,4,5,5,0.0024452136251211396
no,4,"false","false",5,5,3,3,0.007678502142448243
no,4,"false","true",5,5,3,3,0.004744197746449289
no,4,"false","false",5,5,3,4,0.008226027166217264
no,4,"false","true",5,5,3,4,0.0038453082798638643
no,4,"false","false",5,5,3,5,0.008579049024244825
no,4,"false","true",5,5,3,5,0.0030454180497644606
no,4,"false","false",5,5,4,3,0.008226027166217264
no,4,"false","true",5,5,4,3,0.0038453082798638643
no,4,"false","false",5,5,4,4,0.008579049024244825
no,4,"false","true",5,5,4,4,0.0030454180497644606
no,4,"false","false",5,5,4,5,0.00861126265769109
no,4,"false","true",5,5,4,5,0.0024452136251211396
no,4,"false","false",5,5,5,3,0.008579049024244825
no,4,"false","true",5,5,5,3,0.0030454180497644606
no,4,"false","false",5,5,5,4,0.00861126265769109
no,4,"false","true",5,5,5,4,0.0024452136251211396
no,4,"false","false",5,5,5,5,0.00883156201173243
no,4,"false","true",5,5,5,5,0.0018329458004832874
