high,4,2,11,"false",3,3,3,3,0.04999999999999999
high,4,2,11,"true",3,3,3,3,0.012500000000000008
high,4,2,11,"false",3,3,3,4,0.04999999999999999
high,4,2,11,"true",3,3,3,4,0.012500000000000008
high,4,2,11,"false",3,3,4,3,0.04999999999999999
high,4,2,11,"true",3,3,4,3,0.012500000000000008
high,4,2,11,"false",3,3,4,4,0.04999999999999999
high,4,2,11,"true",3,3,4,4,0.012500000000000008
high,4,2,11,"false",3,4,3,3,0.04999999999999999
high,4,2,11,"true",3,4,3,3,0.012500000000000008
high,4,2,11,"false",3,4,3,4,0.04999999999999999
high,4,2,11,"true",3,4,3,4,0.012500000000000008
high,4,2,11,"false",3,4,4,3,0.04999999999999999
high,4,2,11,"true",3,4,4,3,0.012500000000000008
high,4,2,11,"false",3,4,4,4,0.04999999999999999
high,4,2,11,"true",3,4,4,4,0.012500000000000008
high,4,2,11,"false",4,3,3,3,0.04999999999999999
high,4,2,11,"true",4,3,3,3,0.012500000000000008
high,4,2,11,"false",4,3,3,4,0.04999999999999999
high,4,2,11,"true",4,3,3,4,0.012500000000000008
high,4,2,11,"false",4,3,4,3,0.04999999999999999
high,4,2,11,"true",4,3,4,3,0.012500000000000008
high,4,2,11,"false",4,3,4,4,0.04999999999999999
high,4,2,11,"true",4,3,4,4,0.012500000000000008
high,4,2,11,"false",4,4,3,3,0.04999999999999999
high,4,2,11,"true",4,4,3,3,0.012500000000000008
high,4,2,11,"false",4,4,3,4,0.04999999999999999
high,4,2,11,"true",4,4,3,4,0.012500000000000008
high,4,2,11,"false",4,4,4,3,0.04999999999999999
high,4,2,11,"true",4,4,4,3,0.012500000000000008
high,4,2,11,"false",4,4,4,4,0.04999999999999999
high,4,2,11,"true",4,4,4,4,0.012500000000000008
mid,4,2,11,"false",3,3,3,3,0.04999999999999999
mid,4,2,11,"true",3,3,3,3,0.012500000000000008
mid,4,2,11,"false",3,3,3,4,0.04999999999999999
mid,4,2,11,"true",3,3,3,4,0.012500000000000008
mid,4,2,11,"false",3,3,4,3,0.04999999999999999
mid,4,2,11,"true",3,3,4,3,0.012500000000000008
mid,4,2,11,"false",3,3,4,4,0.04999999999999999
mid,4,2,11,"true",3,3,4,4,0.012500000000000008
mid,4,2,11,"false",3,4,3,3,0.04999999999999999
mid,4,2,11,"true",3,4,3,3,0.012500000000000008
mid,4,2,11,"false",3,4,3,4,0.04999999999999999
mid,4,2,11,"true",3,4,3,4,0.012500000000000008
mid,4,2,11,"false",3,4,4,3,0.04999999999999999
mid,4,2,11,"true",3,4,4,3,0.012500000000000008
mid,4,2,11,"false",3,4,4,4,0.04999999999999999
mid,4,2,11,"true",3,4,4,4,0.012500000000000008
mid,4,2,11,"false",4,3,3,3,0.04999999999999999
mid,4,2,11,"true",4,3,3,3,0.012500000000000008
mid,4,2,11,"false",4,3,3,4,0.04999999999999999
mid,4,2,11,"true",4,3,3,4,0.012500000000000008
mid,4,2,11,"false",4,3,4,3,0.04999999999999999
mid,4,2,11,"true",4,3,4,3,0.012500000000000008
mid,4,2,11,"false",4,3,4,4,0.04999999999999999
mid,4,2,11,"true",4,3,4,4,0.012500000000000008
mid,4,2,11,"false",4,4,3,3,0.04999999999999999
mid,4,2,11,"true",4,4,3,3,0.012500000000000008
mid,4,2,11,"false",4,4,3,4,0.04999999999999999
mid,4,2,11,"true",4,4,3,4,0.012500000000000008
mid,4,2,11,"false",4,4,4,3,0.04999999999999999
mid,4,2,11,"true",4,4,4,3,0.012500000000000008
mid,4,2,11,"false",4,4,4,4,0.04999999999999999
mid,4,2,11,"true",4,4,4,4,0.012500000000000008
low,4,2,11,"false",3,3,3,3,0.04999999999999999
low,4,2,11,"true",3,3,3,3,0.012500000000000008
low,4,2,11,"false",3,3,3,4,0.04999999999999999
low,4,2,11,"true",3,3,3,4,0.012500000000000008
low,4,2,11,"false",3,3,4,3,0.04999999999999999
low,4,2,11,"true",3,3,4,3,0.012500000000000008
low,4,2,11,"false",3,3,4,4,0.04999999999999999
low,4,2,11,"true",3,3,4,4,0.012500000000000008
low,4,2,11,"false",3,4,3,3,0.04999999999999999
low,4,2,11,"true",3,4,3,3,0.012500000000000008
low,4,2,11,"false",3,4,3,4,0.04999999999999999
low,4,2,11,"true",3,4,3,4,0.012500000000000008
low,4,2,11,"false",3,4,4,3,0.04999999999999999
low,4,2,11,"true",3,4,4,3,0.012500000000000008
low,4,2,11,"false",3,4,4,4,0.04999999999999999
low,4,2,11,"true",3,4,4,4,0.012500000000000008
low,4,2,11,"false",4,3,3,3,0.04999999999999999
low,4,2,11,"true",4,3,3,3,0.012500000000000008
low,4,2,11,"false",4,3,3,4,0.04999999999999999
low,4,2,11,"true",4,3,3,4,0.012500000000000008
low,4,2,11,"false",4,3,4,3,0.04999999999999999
low,4,2,11,"true",4,3,4,3,0.012500000000000008
low,4,2,11,"false",4,3,4,4,0.04999999999999999
low,4,2,11,"true",4,3,4,4,0.012500000000000008
low,4,2,11,"false",4,4,3,3,0.04999999999999999
low,4,2,11,"true",4,4,3,3,0.012500000000000008
low,4,2,11,"false",4,4,3,4,0.04999999999999999
low,4,2,11,"true",4,4,3,4,0.012500000000000008
low,4,2,11,"false",4,4,4,3,0.04999999999999999
low,4,2,11,"true",4,4,4,3,0.012500000000000008
low,4,2,11,"false",4,4,4,4,0.04999999999999999
low,4,2,11,"true",4,4,4,4,0.012500000000000008
high,4,2,12,"false",3,3,3,3,0.05003422313483914
high,4,2,12,"true",3,3,3,3,0.008145106091718004
high,4,2,12,"false",3,3,3,4,0.05003422313483914
high,4,2,12,"true",3,3,3,4,0.012753821583390381
high,4,2,12,"false",3,3,4,3,0.05003422313483914
high,4,2,12,"true",3,3,4,3,0.012753821583390381
high,4,2,12,"false",3,3,4,4,0.05003422313483914
high,4,2,12,"true",3,3,4,4,0.012753821583390381
high,4,2,12,"false",3,4,3,3,0.05003422313483914
high,4,2,12,"true",3,4,3,3,0.012753821583390381
high,4,2,12,"false",3,4,3,4,0.05003422313483914
high,4,2,12,"true",3,4,3,4,0.012753821583390381
high,4,2,12,"false",3,4,4,3,0.05003422313483914
high,4,2,12,"true",3,4,4,3,0.012753821583390381
high,4,2,12,"false",3,4,4,4,0.05003422313483914
high,4,2,12,"true",3,4,4,4,0.012753821583390381
high,4,2,12,"false",4,3,3,3,0.05003422313483914
high,4,2,12,"true",4,3,3,3,0.012753821583390381
high,4,2,12,"false",4,3,3,4,0.05003422313483914
high,4,2,12,"true",4,3,3,4,0.012753821583390381
high,4,2,12,"false",4,3,4,3,0.05003422313483914
high,4,2,12,"true",4,3,4,3,0.012753821583390381
high,4,2,12,"false",4,3,4,4,0.05003422313483914
high,4,2,12,"true",4,3,4,4,0.012753821583390381
high,4,2,12,"false",4,4,3,3,0.05003422313483914
high,4,2,12,"true",4,4,3,3,0.012753821583390381
high,4,2,12,"false",4,4,3,4,0.05003422313483914
high,4,2,12,"true",4,4,3,4,0.012753821583390381
high,4,2,12,"false",4,4,4,3,0.05003422313483914
high,4,2,12,"true",4,4,4,3,0.012753821583390381
high,4,2,12,"false",4,4,4,4,0.05003422313483914
high,4,2,12,"true",4,4,4,4,0.012753821583390381
mid,4,2,12,"false",3,3,3,3,0.05008966591145582
mid,4,2,12,"true",3,3,3,3,0.005075164387504346
mid,4,2,12,"false",3,3,3,4,0.05008966591145582
mid,4,2,12,"true",3,3,3,4,0.012899345401946826
mid,4,2,12,"false",3,3,4,3,0.05008966591145582
mid,4,2,12,"true",3,3,4,3,0.012899345401946826
mid,4,2,12,"false",3,3,4,4,0.05008966591145582
mid,4,2,12,"true",3,3,4,4,0.012899345401946826
mid,4,2,12,"false",3,4,3,3,0.05008966591145582
mid,4,2,12,"true",3,4,3,3,0.012899345401946826
mid,4,2,12,"false",3,4,3,4,0.05008966591145582
mid,4,2,12,"true",3,4,3,4,0.012899345401946826
mid,4,2,12,"false",3,4,4,3,0.05008966591145582
mid,4,2,12,"true",3,4,4,3,0.012899345401946826
mid,4,2,12,"false",3,4,4,4,0.05008966591145582
mid,4,2,12,"true",3,4,4,4,0.012899345401946826
mid,4,2,12,"false",4,3,3,3,0.05008966591145582
mid,4,2,12,"true",4,3,3,3,0.012899345401946826
mid,4,2,12,"false",4,3,3,4,0.05008966591145582
mid,4,2,12,"true",4,3,3,4,0.012899345401946826
mid,4,2,12,"false",4,3,4,3,0.05008966591145582
mid,4,2,12,"true",4,3,4,3,0.012899345401946826
mid,4,2,12,"false",4,3,4,4,0.05008966591145582
mid,4,2,12,"true",4,3,4,4,0.012899345401946826
mid,4,2,12,"false",4,4,3,3,0.05008966591145582
mid,4,2,12,"true",4,4,3,3,0.012899345401946826
mid,4,2,12,"false",4,4,3,4,0.05008966591145582
mid,4,2,12,"true",4,4,3,4,0.012899345401946826
mid,4,2,12,"false",4,4,4,3,0.05008966591145582
mid,4,2,12,"true",4,4,4,3,0.012899345401946826
mid,4,2,12,"false",4,4,4,4,0.05008966591145582
mid,4,2,12,"true",4,4,4,4,0.012899345401946826
low,4,2,12,"false",3,3,3,3,0.0501257464578827
low,4,2,12,"true",3,3,3,3,0.0034846775612431898
low,4,2,12,"false",3,3,3,4,0.0501257464578827
low,4,2,12,"true",3,3,3,4,0.012966891940842256
low,4,2,12,"false",3,3,4,3,0.0501257464578827
low,4,2,12,"true",3,3,4,3,0.012966891940842256
low,4,2,12,"false",3,3,4,4,0.0501257464578827
low,4,2,12,"true",3,3,4,4,0.012966891940842256
low,4,2,12,"false",3,4,3,3,0.0501257464578827
low,4,2,12,"true",3,4,3,3,0.012966891940842256
low,4,2,12,"false",3,4,3,4,0.0501257464578827
low,4,2,12,"true",3,4,3,4,0.012966891940842256
low,4,2,12,"false",3,4,4,3,0.0501257464578827
low,4,2,12,"true",3,4,4,3,0.012966891940842256
low,4,2,12,"false",3,4,4,4,0.0501257464578827
low,4,2,12,"true",3,4,4,4,0.012966891940842256
low,4,2,12,"false",4,3,3,3,0.0501257464578827
low,4,2,12,"true",4,3,3,3,0.012966891940842256
low,4,2,12,"false",4,3,3,4,0.0501257464578827
low,4,2,12,"true",4,3,3,4,0.012966891940842256
low,4,2,12,"false",4,3,4,3,0.0501257464578827
low,4,2,12,"true",4,3,4,3,0.012966891940842256
low,4,2,12,"false",4,3,4,4,0.0501257464578827
low,4,2,12,"true",4,3,4,4,0.012966891940842256
low,4,2,12,"false",4,4,3,3,0.0501257464578827
low,4,2,12,"true",4,4,3,3,0.012966891940842256
low,4,2,12,"false",4,4,3,4,0.0501257464578827
low,4,2,12,"true",4,4,3,4,0.012966891940842256
low,4,2,12,"false",4,4,4,3,0.0501257464578827
low,4,2,12,"true",4,4,4,3,0.012966891940842256
low,4,2,12,"false",4,4,4,4,0.0501257464578827
low,4,2,12,"true",4,4,4,4,0.012966891940842256
high,4,2,13,"false",3,3,3,3,0.05015047879616963
high,4,2,13,"true",3,3,3,3,0.009001367989056097
high,4,2,13,"false",3,3,3,4,0.05015047879616963
high,4,2,13,"true",3,3,3,4,0.009001367989056097
high,4,2,13,"false",3,3,4,3,0.05015047879616963
high,4,2,13,"true",3,3,4,3,0.009001367989056097
high,4,2,13,"false",3,3,4,4,0.05015047879616963
high,4,2,13,"true",3,3,4,4,0.013871409028727777
high,4,2,13,"false",3,4,3,3,0.05015047879616963
high,4,2,13,"true",3,4,3,3,0.009001367989056097
high,4,2,13,"false",3,4,3,4,0.05015047879616963
high,4,2,13,"true",3,4,3,4,0.013871409028727777
high,4,2,13,"false",3,4,4,3,0.05015047879616963
high,4,2,13,"true",3,4,4,3,0.013871409028727777
high,4,2,13,"false",3,4,4,4,0.05015047879616963
high,4,2,13,"true",3,4,4,4,0.013871409028727777
high,4,2,13,"false",4,3,3,3,0.05015047879616963
high,4,2,13,"true",4,3,3,3,0.009001367989056097
high,4,2,13,"false",4,3,3,4,0.05015047879616963
high,4,2,13,"true",4,3,3,4,0.013871409028727777
high,4,2,13,"false",4,3,4,3,0.05015047879616963
high,4,2,13,"true",4,3,4,3,0.013871409028727777
high,4,2,13,"false",4,3,4,4,0.05015047879616963
high,4,2,13,"true",4,3,4,4,0.013871409028727777
high,4,2,13,"false",4,4,3,3,0.05015047879616963
high,4,2,13,"true",4,4,3,3,0.013871409028727777
high,4,2,13,"false",4,4,3,4,0.05015047879616963
high,4,2,13,"true",4,4,3,4,0.013871409028727777
high,4,2,13,"false",4,4,4,3,0.05015047879616963
high,4,2,13,"true",4,4,4,3,0.013871409028727777
high,4,2,13,"false",4,4,4,4,0.05015047879616963
high,4,2,13,"true",4,4,4,4,0.013871409028727777
mid,4,2,13,"false",3,3,3,3,0.050447401456188784
mid,4,2,13,"true",3,3,3,3,0.006074817976399707
mid,4,2,13,"false",3,3,3,4,0.050447401456188784
mid,4,2,13,"true",3,3,3,4,0.006074817976399707
mid,4,2,13,"false",3,3,4,3,0.050447401456188784
mid,4,2,13,"true",3,3,4,3,0.006074817976399707
mid,4,2,13,"false",3,3,4,4,0.050447401456188784
mid,4,2,13,"true",3,3,4,4,0.014769771528998252
mid,4,2,13,"false",3,4,3,3,0.050447401456188784
mid,4,2,13,"true",3,4,3,3,0.006074817976399707
mid,4,2,13,"false",3,4,3,4,0.050447401456188784
mid,4,2,13,"true",3,4,3,4,0.014769771528998252
mid,4,2,13,"false",3,4,4,3,0.050447401456188784
mid,4,2,13,"true",3,4,4,3,0.014769771528998252
mid,4,2,13,"false",3,4,4,4,0.050447401456188784
mid,4,2,13,"true",3,4,4,4,0.014769771528998252
mid,4,2,13,"false",4,3,3,3,0.050447401456188784
mid,4,2,13,"true",4,3,3,3,0.006074817976399707
mid,4,2,13,"false",4,3,3,4,0.050447401456188784
mid,4,2,13,"true",4,3,3,4,0.014769771528998252
mid,4,2,13,"false",4,3,4,3,0.050447401456188784
mid,4,2,13,"true",4,3,4,3,0.014769771528998252
mid,4,2,13,"false",4,3,4,4,0.050447401456188784
mid,4,2,13,"true",4,3,4,4,0.014769771528998252
mid,4,2,13,"false",4,4,3,3,0.050447401456188784
mid,4,2,13,"true",4,4,3,3,0.014769771528998252
mid,4,2,13,"false",4,4,3,4,0.050447401456188784
mid,4,2,13,"true",4,4,3,4,0.014769771528998252
mid,4,2,13,"false",4,4,4,3,0.050447401456188784
mid,4,2,13,"true",4,4,4,3,0.014769771528998252
mid,4,2,13,"false",4,4,4,4,0.050447401456188784
mid,4,2,13,"true",4,4,4,4,0.014769771528998252
low,4,2,13,"false",3,3,3,3,0.050670378451583745
low,4,2,13,"true",3,3,3,3,0.0043623504627191365
low,4,2,13,"false",3,3,3,4,0.050670378451583745
low,4,2,13,"true",3,3,3,4,0.0043623504627191365
low,4,2,13,"false",3,3,4,3,0.050670378451583745
low,4,2,13,"true",3,3,4,3,0.0043623504627191365
low,4,2,13,"false",3,3,4,4,0.050670378451583745
low,4,2,13,"true",3,3,4,4,0.015223835678278546
low,4,2,13,"false",3,4,3,3,0.050670378451583745
low,4,2,13,"true",3,4,3,3,0.0043623504627191365
low,4,2,13,"false",3,4,3,4,0.050670378451583745
low,4,2,13,"true",3,4,3,4,0.015223835678278546
low,4,2,13,"false",3,4,4,3,0.050670378451583745
low,4,2,13,"true",3,4,4,3,0.015223835678278546
low,4,2,13,"false",3,4,4,4,0.050670378451583745
low,4,2,13,"true",3,4,4,4,0.015223835678278546
low,4,2,13,"false",4,3,3,3,0.050670378451583745
low,4,2,13,"true",4,3,3,3,0.0043623504627191365
low,4,2,13,"false",4,3,3,4,0.050670378451583745
low,4,2,13,"true",4,3,3,4,0.015223835678278546
low,4,2,13,"false",4,3,4,3,0.050670378451583745
low,4,2,13,"true",4,3,4,3,0.015223835678278546
low,4,2,13,"false",4,3,4,4,0.050670378451583745
low,4,2,13,"true",4,3,4,4,0.015223835678278546
low,4,2,13,"false",4,4,3,3,0.050670378451583745
low,4,2,13,"true",4,4,3,3,0.015223835678278546
low,4,2,13,"false",4,4,3,4,0.050670378451583745
low,4,2,13,"true",4,4,3,4,0.015223835678278546
low,4,2,13,"false",4,4,4,3,0.050670378451583745
low,4,2,13,"true",4,4,4,3,0.015223835678278546
low,4,2,13,"false",4,4,4,4,0.050670378451583745
low,4,2,13,"true",4,4,4,4,0.015223835678278546
high,4,2,14,"false",3,3,3,3,0.05020408163265304
high,4,2,14,"true",3,3,3,3,0.010649350649350652
high,4,2,14,"false",3,3,3,4,0.05020408163265304
high,4,2,14,"true",3,3,3,4,0.010649350649350652
high,4,2,14,"false",3,3,4,3,0.05020408163265304
high,4,2,14,"true",3,3,4,3,0.010649350649350652
high,4,2,14,"false",3,3,4,4,0.05020408163265304
high,4,2,14,"true",3,3,4,4,0.010649350649350652
high,4,2,14,"false",3,4,3,3,0.05020408163265304
high,4,2,14,"true",3,4,3,3,0.010649350649350652
high,4,2,14,"false",3,4,3,4,0.05020408163265304
high,4,2,14,"true",3,4,3,4,0.010649350649350652
high,4,2,14,"false",3,4,4,3,0.05020408163265304
high,4,2,14,"true",3,4,4,3,0.010649350649350652
high,4,2,14,"false",3,4,4,4,0.05020408163265304
high,4,2,14,"true",3,4,4,4,0.015918367346938772
high,4,2,14,"false",4,3,3,3,0.05020408163265304
high,4,2,14,"true",4,3,3,3,0.010649350649350652
high,4,2,14,"false",4,3,3,4,0.05020408163265304
high,4,2,14,"true",4,3,3,4,0.010649350649350652
high,4,2,14,"false",4,3,4,3,0.05020408163265304
high,4,2,14,"true",4,3,4,3,0.010649350649350652
high,4,2,14,"false",4,3,4,4,0.05020408163265304
high,4,2,14,"true",4,3,4,4,0.015918367346938772
high,4,2,14,"false",4,4,3,3,0.05020408163265304
high,4,2,14,"true",4,4,3,3,0.010649350649350652
high,4,2,14,"false",4,4,3,4,0.05020408163265304
high,4,2,14,"true",4,4,3,4,0.015918367346938772
high,4,2,14,"false",4,4,4,3,0.05020408163265304
high,4,2,14,"true",4,4,4,3,0.015918367346938772
high,4,2,14,"false",4,4,4,4,0.05020408163265304
high,4,2,14,"true",4,4,4,4,0.015918367346938772
mid,4,2,14,"false",3,3,3,3,0.05079024390243901
mid,4,2,14,"true",3,3,3,3,0.008526829268292688
mid,4,2,14,"false",3,3,3,4,0.05079024390243901
mid,4,2,14,"true",3,3,3,4,0.008526829268292688
mid,4,2,14,"false",3,3,4,3,0.05079024390243901
mid,4,2,14,"true",3,3,4,3,0.008526829268292688
mid,4,2,14,"false",3,3,4,4,0.05079024390243901
mid,4,2,14,"true",3,3,4,4,0.008526829268292688
mid,4,2,14,"false",3,4,3,3,0.05079024390243901
mid,4,2,14,"true",3,4,3,3,0.008526829268292688
mid,4,2,14,"false",3,4,3,4,0.05079024390243901
mid,4,2,14,"true",3,4,3,4,0.008526829268292688
mid,4,2,14,"false",3,4,4,3,0.05079024390243901
mid,4,2,14,"true",3,4,4,3,0.008526829268292688
mid,4,2,14,"false",3,4,4,4,0.05079024390243901
mid,4,2,14,"true",3,4,4,4,0.01871219512195122
mid,4,2,14,"false",4,3,3,3,0.05079024390243901
mid,4,2,14,"true",4,3,3,3,0.008526829268292688
mid,4,2,14,"false",4,3,3,4,0.05079024390243901
mid,4,2,14,"true",4,3,3,4,0.008526829268292688
mid,4,2,14,"false",4,3,4,3,0.05079024390243901
mid,4,2,14,"true",4,3,4,3,0.008526829268292688
mid,4,2,14,"false",4,3,4,4,0.05079024390243901
mid,4,2,14,"true",4,3,4,4,0.01871219512195122
mid,4,2,14,"false",4,4,3,3,0.05079024390243901
mid,4,2,14,"true",4,4,3,3,0.008526829268292688
mid,4,2,14,"false",4,4,3,4,0.05079024390243901
mid,4,2,14,"true",4,4,3,4,0.01871219512195122
mid,4,2,14,"false",4,4,4,3,0.05079024390243901
mid,4,2,14,"true",4,4,4,3,0.01871219512195122
mid,4,2,14,"false",4,4,4,4,0.05079024390243901
mid,4,2,14,"true",4,4,4,4,0.01871219512195122
low,4,2,14,"false",3,3,3,3,0.05139677065370748
low,4,2,14,"true",3,3,3,3,0.006888226994826784
low,4,2,14,"false",3,3,3,4,0.05139677065370748
low,4,2,14,"true",3,3,3,4,0.006888226994826784
low,4,2,14,"false",3,3,4,3,0.05139677065370748
low,4,2,14,"true",3,3,4,3,0.006888226994826784
low,4,2,14,"false",3,3,4,4,0.05139677065370748
low,4,2,14,"true",3,3,4,4,0.006888226994826784
low,4,2,14,"false",3,4,3,3,0.05139677065370748
low,4,2,14,"true",3,4,3,3,0.006888226994826784
low,4,2,14,"false",3,4,3,4,0.05139677065370748
low,4,2,14,"true",3,4,3,4,0.006888226994826784
low,4,2,14,"false",3,4,4,3,0.05139677065370748
low,4,2,14,"true",3,4,4,3,0.006888226994826784
low,4,2,14,"false",3,4,4,4,0.05139677065370748
low,4,2,14,"true",3,4,4,4,0.020376234519517176
low,4,2,14,"false",4,3,3,3,0.05139677065370748
low,4,2,14,"true",4,3,3,3,0.006888226994826784
low,4,2,14,"false",4,3,3,4,0.05139677065370748
low,4,2,14,"true",4,3,3,4,0.006888226994826784
low,4,2,14,"false",4,3,4,3,0.05139677065370748
low,4,2,14,"true",4,3,4,3,0.006888226994826784
low,4,2,14,"false",4,3,4,4,0.05139677065370748
low,4,2,14,"true",4,3,4,4,0.020376234519517176
low,4,2,14,"false",4,4,3,3,0.05139677065370748
low,4,2,14,"true",4,4,3,3,0.006888226994826784
low,4,2,14,"false",4,4,3,4,0.05139677065370748
low,4,2,14,"true",4,4,3,4,0.020376234519517176
low,4,2,14,"false",4,4,4,3,0.05139677065370748
low,4,2,14,"true",4,4,4,3,0.020376234519517176
low,4,2,14,"false",4,4,4,4,0.05139677065370748
low,4,2,14,"true",4,4,4,4,0.020376234519517176
high,4,2,15,"false",3,3,3,3,0.05006999533364442
high,4,2,15,"true",3,3,3,3,0.012085860942603843
high,4,2,15,"false",3,3,3,4,0.05006999533364442
high,4,2,15,"true",3,3,3,4,0.012085860942603843
high,4,2,15,"false",3,3,4,3,0.05006999533364442
high,4,2,15,"true",3,3,4,3,0.012085860942603843
high,4,2,15,"false",3,3,4,4,0.05006999533364442
high,4,2,15,"true",3,3,4,4,0.012085860942603843
high,4,2,15,"false",3,4,3,3,0.05006999533364442
high,4,2,15,"true",3,4,3,3,0.012085860942603843
high,4,2,15,"false",3,4,3,4,0.05006999533364442
high,4,2,15,"true",3,4,3,4,0.012085860942603843
high,4,2,15,"false",3,4,4,3,0.05006999533364442
high,4,2,15,"true",3,4,4,3,0.012085860942603843
high,4,2,15,"false",3,4,4,4,0.05006999533364442
high,4,2,15,"true",3,4,4,4,0.012085860942603843
high,4,2,15,"false",4,3,3,3,0.05006999533364442
high,4,2,15,"true",4,3,3,3,0.012085860942603843
high,4,2,15,"false",4,3,3,4,0.05006999533364442
high,4,2,15,"true",4,3,3,4,0.012085860942603843
high,4,2,15,"false",4,3,4,3,0.05006999533364442
high,4,2,15,"true",4,3,4,3,0.012085860942603843
high,4,2,15,"false",4,3,4,4,0.05006999533364442
high,4,2,15,"true",4,3,4,4,0.012085860942603843
high,4,2,15,"false",4,4,3,3,0.05006999533364442
high,4,2,15,"true",4,4,3,3,0.012085860942603843
high,4,2,15,"false",4,4,3,4,0.05006999533364442
high,4,2,15,"true",4,4,3,4,0.012085860942603843
high,4,2,15,"false",4,4,4,3,0.05006999533364442
high,4,2,15,"true",4,4,4,3,0.012085860942603843
high,4,2,15,"false",4,4,4,4,0.05006999533364442
high,4,2,15,"true",4,4,4,4,0.01759216052263184
mid,4,2,15,"false",3,3,3,3,0.0503501138230124
mid,4,2,15,"true",3,3,3,3,0.011465867504250358
mid,4,2,15,"false",3,3,3,4,0.0503501138230124
mid,4,2,15,"true",3,3,3,4,0.011465867504250358
mid,4,2,15,"false",3,3,4,3,0.0503501138230124
mid,4,2,15,"true",3,3,4,3,0.011465867504250358
mid,4,2,15,"false",3,3,4,4,0.0503501138230124
mid,4,2,15,"true",3,3,4,4,0.011465867504250358
mid,4,2,15,"false",3,4,3,3,0.0503501138230124
mid,4,2,15,"true",3,4,3,3,0.011465867504250358
mid,4,2,15,"false",3,4,3,4,0.0503501138230124
mid,4,2,15,"true",3,4,3,4,0.011465867504250358
mid,4,2,15,"false",3,4,4,3,0.0503501138230124
mid,4,2,15,"true",3,4,4,3,0.011465867504250358
mid,4,2,15,"false",3,4,4,4,0.0503501138230124
mid,4,2,15,"true",3,4,4,4,0.011465867504250358
mid,4,2,15,"false",4,3,3,3,0.0503501138230124
mid,4,2,15,"true",4,3,3,3,0.011465867504250358
mid,4,2,15,"false",4,3,3,4,0.0503501138230124
mid,4,2,15,"true",4,3,3,4,0.011465867504250358
mid,4,2,15,"false",4,3,4,3,0.0503501138230124
mid,4,2,15,"true",4,3,4,3,0.011465867504250358
mid,4,2,15,"false",4,3,4,4,0.0503501138230124
mid,4,2,15,"true",4,3,4,4,0.011465867504250358
mid,4,2,15,"false",4,4,3,3,0.0503501138230124
mid,4,2,15,"true",4,4,3,3,0.011465867504250358
mid,4,2,15,"false",4,4,3,4,0.0503501138230124
mid,4,2,15,"true",4,4,3,4,0.011465867504250358
mid,4,2,15,"false",4,4,4,3,0.0503501138230124
mid,4,2,15,"true",4,4,4,3,0.011465867504250358
mid,4,2,15,"false",4,4,4,4,0.0503501138230124
mid,4,2,15,"true",4,4,4,4,0.022410166268046004
low,4,2,15,"false",3,3,3,3,0.05076018269411249
low,4,2,15,"true",3,3,3,3,0.01081774385284365
low,4,2,15,"false",3,3,3,4,0.05076018269411249
low,4,2,15,"true",3,3,3,4,0.01081774385284365
low,4,2,15,"false",3,3,4,3,0.05076018269411249
low,4,2,15,"true",3,3,4,3,0.01081774385284365
low,4,2,15,"false",3,3,4,4,0.05076018269411249
low,4,2,15,"true",3,3,4,4,0.01081774385284365
low,4,2,15,"false",3,4,3,3,0.05076018269411249
low,4,2,15,"true",3,4,3,3,0.01081774385284365
low,4,2,15,"false",3,4,3,4,0.05076018269411249
low,4,2,15,"true",3,4,3,4,0.01081774385284365
low,4,2,15,"false",3,4,4,3,0.05076018269411249
low,4,2,15,"true",3,4,4,3,0.01081774385284365
low,4,2,15,"false",3,4,4,4,0.05076018269411249
low,4,2,15,"true",3,4,4,4,0.01081774385284365
low,4,2,15,"false",4,3,3,3,0.05076018269411249
low,4,2,15,"true",4,3,3,3,0.01081774385284365
low,4,2,15,"false",4,3,3,4,0.05076018269411249
low,4,2,15,"true",4,3,3,4,0.01081774385284365
low,4,2,15,"false",4,3,4,3,0.05076018269411249
low,4,2,15,"true",4,3,4,3,0.01081774385284365
low,4,2,15,"false",4,3,4,4,0.05076018269411249
low,4,2,15,"true",4,3,4,4,0.01081774385284365
low,4,2,15,"false",4,4,3,3,0.05076018269411249
low,4,2,15,"true",4,4,3,3,0.01081774385284365
low,4,2,15,"false",4,4,3,4,0.05076018269411249
low,4,2,15,"true",4,4,3,4,0.01081774385284365
low,4,2,15,"false",4,4,4,3,0.05076018269411249
low,4,2,15,"true",4,4,4,3,0.01081774385284365
low,4,2,15,"false",4,4,4,4,0.05076018269411249
low,4,2,15,"true",4,4,4,4,0.025570919101545405
high,4,2,16,"false",3,3,3,3,0.04999999999999999
high,4,2,16,"true",3,3,3,3,0.012500000000000008
high,4,2,16,"false",3,3,3,4,0.04999999999999999
high,4,2,16,"true",3,3,3,4,0.012500000000000008
high,4,2,16,"false",3,3,4,3,0.04999999999999999
high,4,2,16,"true",3,3,4,3,0.012500000000000008
high,4,2,16,"false",3,3,4,4,0.04999999999999999
high,4,2,16,"true",3,3,4,4,0.012500000000000008
high,4,2,16,"false",3,4,3,3,0.04999999999999999
high,4,2,16,"true",3,4,3,3,0.012500000000000008
high,4,2,16,"false",3,4,3,4,0.04999999999999999
high,4,2,16,"true",3,4,3,4,0.012500000000000008
high,4,2,16,"false",3,4,4,3,0.04999999999999999
high,4,2,16,"true",3,4,4,3,0.012500000000000008
high,4,2,16,"false",3,4,4,4,0.04999999999999999
high,4,2,16,"true",3,4,4,4,0.012500000000000008
high,4,2,16,"false",4,3,3,3,0.04999999999999999
high,4,2,16,"true",4,3,3,3,0.012500000000000008
high,4,2,16,"false",4,3,3,4,0.04999999999999999
high,4,2,16,"true",4,3,3,4,0.012500000000000008
high,4,2,16,"false",4,3,4,3,0.04999999999999999
high,4,2,16,"true",4,3,4,3,0.012500000000000008
high,4,2,16,"false",4,3,4,4,0.04999999999999999
high,4,2,16,"true",4,3,4,4,0.012500000000000008
high,4,2,16,"false",4,4,3,3,0.04999999999999999
high,4,2,16,"true",4,4,3,3,0.012500000000000008
high,4,2,16,"false",4,4,3,4,0.04999999999999999
high,4,2,16,"true",4,4,3,4,0.012500000000000008
high,4,2,16,"false",4,4,4,3,0.04999999999999999
high,4,2,16,"true",4,4,4,3,0.012500000000000008
high,4,2,16,"false",4,4,4,4,0.04999999999999999
high,4,2,16,"true",4,4,4,4,0.012500000000000008
mid,4,2,16,"false",3,3,3,3,0.04999999999999999
mid,4,2,16,"true",3,3,3,3,0.012500000000000008
mid,4,2,16,"false",3,3,3,4,0.04999999999999999
mid,4,2,16,"true",3,3,3,4,0.012500000000000008
mid,4,2,16,"false",3,3,4,3,0.04999999999999999
mid,4,2,16,"true",3,3,4,3,0.012500000000000008
mid,4,2,16,"false",3,3,4,4,0.04999999999999999
mid,4,2,16,"true",3,3,4,4,0.012500000000000008
mid,4,2,16,"false",3,4,3,3,0.04999999999999999
mid,4,2,16,"true",3,4,3,3,0.012500000000000008
mid,4,2,16,"false",3,4,3,4,0.04999999999999999
mid,4,2,16,"true",3,4,3,4,0.012500000000000008
mid,4,2,16,"false",3,4,4,3,0.04999999999999999
mid,4,2,16,"true",3,4,4,3,0.012500000000000008
mid,4,2,16,"false",3,4,4,4,0.04999999999999999
mid,4,2,16,"true",3,4,4,4,0.012500000000000008
mid,4,2,16,"false",4,3,3,3,0.04999999999999999
mid,4,2,16,"true",4,3,3,3,0.012500000000000008
mid,4,2,16,"false",4,3,3,4,0.04999999999999999
mid,4,2,16,"true",4,3,3,4,0.012500000000000008
mid,4,2,16,"false",4,3,4,3,0.04999999999999999
mid,4,2,16,"true",4,3,4,3,0.012500000000000008
mid,4,2,16,"false",4,3,4,4,0.04999999999999999
mid,4,2,16,"true",4,3,4,4,0.012500000000000008
mid,4,2,16,"false",4,4,3,3,0.04999999999999999
mid,4,2,16,"true",4,4,3,3,0.012500000000000008
mid,4,2,16,"false",4,4,3,4,0.04999999999999999
mid,4,2,16,"true",4,4,3,4,0.012500000000000008
mid,4,2,16,"false",4,4,4,3,0.04999999999999999
mid,4,2,16,"true",4,4,4,3,0.012500000000000008
mid,4,2,16,"false",4,4,4,4,0.04999999999999999
mid,4,2,16,"true",4,4,4,4,0.012500000000000008
low,4,2,16,"false",3,3,3,3,0.04999999999999999
low,4,2,16,"true",3,3,3,3,0.012500000000000008
low,4,2,16,"false",3,3,3,4,0.04999999999999999
low,4,2,16,"true",3,3,3,4,0.012500000000000008
low,4,2,16,"false",3,3,4,3,0.04999999999999999
low,4,2,16,"true",3,3,4,3,0.012500000000000008
low,4,2,16,"false",3,3,4,4,0.04999999999999999
low,4,2,16,"true",3,3,4,4,0.012500000000000008
low,4,2,16,"false",3,4,3,3,0.04999999999999999
low,4,2,16,"true",3,4,3,3,0.012500000000000008
low,4,2,16,"false",3,4,3,4,0.04999999999999999
low,4,2,16,"true",3,4,3,4,0.012500000000000008
low,4,2,16,"false",3,4,4,3,0.04999999999999999
low,4,2,16,"true",3,4,4,3,0.012500000000000008
low,4,2,16,"false",3,4,4,4,0.04999999999999999
low,4,2,16,"true",3,4,4,4,0.012500000000000008
low,4,2,16,"false",4,3,3,3,0.04999999999999999
low,4,2,16,"true",4,3,3,3,0.012500000000000008
low,4,2,16,"false",4,3,3,4,0.04999999999999999
low,4,2,16,"true",4,3,3,4,0.012500000000000008
low,4,2,16,"false",4,3,4,3,0.04999999999999999
low,4,2,16,"true",4,3,4,3,0.012500000000000008
low,4,2,16,"false",4,3,4,4,0.04999999999999999
low,4,2,16,"true",4,3,4,4,0.012500000000000008
low,4,2,16,"false",4,4,3,3,0.04999999999999999
low,4,2,16,"true",4,4,3,3,0.012500000000000008
low,4,2,16,"false",4,4,3,4,0.04999999999999999
low,4,2,16,"true",4,4,3,4,0.012500000000000008
low,4,2,16,"false",4,4,4,3,0.04999999999999999
low,4,2,16,"true",4,4,4,3,0.012500000000000008
low,4,2,16,"false",4,4,4,4,0.04999999999999999
low,4,2,16,"true",4,4,4,4,0.012500000000000008
high,4,3,11,"false",3,3,3,3,0.041685947863643394
high,4,3,11,"true",3,3,3,3,0.017716527842048437
high,4,3,11,"false",3,3,3,4,0.041685947863643394
high,4,3,11,"true",3,3,3,4,0.017716527842048437
high,4,3,11,"false",3,3,4,3,0.041685947863643394
high,4,3,11,"true",3,3,4,3,0.017716527842048437
high,4,3,11,"false",3,3,4,4,0.041685947863643394
high,4,3,11,"true",3,3,4,4,0.017716527842048437
high,4,3,11,"false",3,4,3,3,0.041685947863643394
high,4,3,11,"true",3,4,3,3,0.017716527842048437
high,4,3,11,"false",3,4,3,4,0.041685947863643394
high,4,3,11,"true",3,4,3,4,0.017716527842048437
high,4,3,11,"false",3,4,4,3,0.041685947863643394
high,4,3,11,"true",3,4,4,3,0.017716527842048437
high,4,3,11,"false",3,4,4,4,0.041685947863643394
high,4,3,11,"true",3,4,4,4,0.017716527842048437
high,4,3,11,"false",4,3,3,3,0.041685947863643394
high,4,3,11,"true",4,3,3,3,0.017716527842048437
high,4,3,11,"false",4,3,3,4,0.041685947863643394
high,4,3,11,"true",4,3,3,4,0.017716527842048437
high,4,3,11,"false",4,3,4,3,0.041685947863643394
high,4,3,11,"true",4,3,4,3,0.017716527842048437
high,4,3,11,"false",4,3,4,4,0.041685947863643394
high,4,3,11,"true",4,3,4,4,0.017716527842048437
high,4,3,11,"false",4,4,3,3,0.041685947863643394
high,4,3,11,"true",4,4,3,3,0.017716527842048437
high,4,3,11,"false",4,4,3,4,0.041685947863643394
high,4,3,11,"true",4,4,3,4,0.017716527842048437
high,4,3,11,"false",4,4,4,3,0.041685947863643394
high,4,3,11,"true",4,4,4,3,0.017716527842048437
high,4,3,11,"false",4,4,4,4,0.10330865340120321
high,4,3,11,"true",4,4,4,4,0.005654211013419717
mid,4,3,11,"false",3,3,3,3,0.041685947863643394
mid,4,3,11,"true",3,3,3,3,0.017716527842048437
mid,4,3,11,"false",3,3,3,4,0.041685947863643394
mid,4,3,11,"true",3,3,3,4,0.017716527842048437
mid,4,3,11,"false",3,3,4,3,0.041685947863643394
mid,4,3,11,"true",3,3,4,3,0.017716527842048437
mid,4,3,11,"false",3,3,4,4,0.041685947863643394
mid,4,3,11,"true",3,3,4,4,0.017716527842048437
mid,4,3,11,"false",3,4,3,3,0.041685947863643394
mid,4,3,11,"true",3,4,3,3,0.017716527842048437
mid,4,3,11,"false",3,4,3,4,0.041685947863643394
mid,4,3,11,"true",3,4,3,4,0.017716527842048437
mid,4,3,11,"false",3,4,4,3,0.041685947863643394
mid,4,3,11,"true",3,4,4,3,0.017716527842048437
mid,4,3,11,"false",3,4,4,4,0.041685947863643394
mid,4,3,11,"true",3,4,4,4,0.017716527842048437
mid,4,3,11,"false",4,3,3,3,0.041685947863643394
mid,4,3,11,"true",4,3,3,3,0.017716527842048437
mid,4,3,11,"false",4,3,3,4,0.041685947863643394
mid,4,3,11,"true",4,3,3,4,0.017716527842048437
mid,4,3,11,"false",4,3,4,3,0.041685947863643394
mid,4,3,11,"true",4,3,4,3,0.017716527842048437
mid,4,3,11,"false",4,3,4,4,0.041685947863643394
mid,4,3,11,"true",4,3,4,4,0.017716527842048437
mid,4,3,11,"false",4,4,3,3,0.041685947863643394
mid,4,3,11,"true",4,4,3,3,0.017716527842048437
mid,4,3,11,"false",4,4,3,4,0.041685947863643394
mid,4,3,11,"true",4,4,3,4,0.017716527842048437
mid,4,3,11,"false",4,4,4,3,0.041685947863643394
mid,4,3,11,"true",4,4,4,3,0.017716527842048437
mid,4,3,11,"false",4,4,4,4,0.10330865340120321
mid,4,3,11,"true",4,4,4,4,0.005654211013419717
low,4,3,11,"false",3,3,3,3,0.04168594786364337
low,4,3,11,"true",3,3,3,3,0.017716527842048448
low,4,3,11,"false",3,3,3,4,0.04168594786364337
low,4,3,11,"true",3,3,3,4,0.017716527842048448
low,4,3,11,"false",3,3,4,3,0.04168594786364337
low,4,3,11,"true",3,3,4,3,0.017716527842048448
low,4,3,11,"false",3,3,4,4,0.04168594786364337
low,4,3,11,"true",3,3,4,4,0.017716527842048448
low,4,3,11,"false",3,4,3,3,0.04168594786364337
low,4,3,11,"true",3,4,3,3,0.017716527842048448
low,4,3,11,"false",3,4,3,4,0.04168594786364337
low,4,3,11,"true",3,4,3,4,0.017716527842048448
low,4,3,11,"false",3,4,4,3,0.04168594786364337
low,4,3,11,"true",3,4,4,3,0.017716527842048448
low,4,3,11,"false",3,4,4,4,0.04168594786364337
low,4,3,11,"true",3,4,4,4,0.017716527842048448
low,4,3,11,"false",4,3,3,3,0.04168594786364337
low,4,3,11,"true",4,3,3,3,0.017716527842048448
low,4,3,11,"false",4,3,3,4,0.04168594786364337
low,4,3,11,"true",4,3,3,4,0.017716527842048448
low,4,3,11,"false",4,3,4,3,0.04168594786364337
low,4,3,11,"true",4,3,4,3,0.017716527842048448
low,4,3,11,"false",4,3,4,4,0.04168594786364337
low,4,3,11,"true",4,3,4,4,0.017716527842048448
low,4,3,11,"false",4,4,3,3,0.04168594786364337
low,4,3,11,"true",4,4,3,3,0.017716527842048448
low,4,3,11,"false",4,4,3,4,0.04168594786364337
low,4,3,11,"true",4,4,3,4,0.017716527842048448
low,4,3,11,"false",4,4,4,3,0.04168594786364337
low,4,3,11,"true",4,4,4,3,0.017716527842048448
low,4,3,11,"false",4,4,4,4,0.10330865340120325
low,4,3,11,"true",4,4,4,4,0.005654211013419714
high,4,3,12,"false",3,3,3,3,0.041737081113728605
high,4,3,12,"true",3,3,3,3,0.011825506315556443
high,4,3,12,"false",3,3,3,4,0.041737081113728605
high,4,3,12,"true",3,3,3,4,0.018062457427155416
high,4,3,12,"false",3,3,4,3,0.041737081113728605
high,4,3,12,"true",3,3,4,3,0.018062457427155416
high,4,3,12,"false",3,3,4,4,0.041737081113728605
high,4,3,12,"true",3,3,4,4,0.018062457427155416
high,4,3,12,"false",3,4,3,3,0.041737081113728605
high,4,3,12,"true",3,4,3,3,0.018062457427155416
high,4,3,12,"false",3,4,3,4,0.041737081113728605
high,4,3,12,"true",3,4,3,4,0.018062457427155416
high,4,3,12,"false",3,4,4,3,0.041737081113728605
high,4,3,12,"true",3,4,4,3,0.018062457427155416
high,4,3,12,"false",3,4,4,4,0.041737081113728605
high,4,3,12,"true",3,4,4,4,0.018062457427155416
high,4,3,12,"false",4,3,3,3,0.041737081113728605
high,4,3,12,"true",4,3,3,3,0.018062457427155416
high,4,3,12,"false",4,3,3,4,0.041737081113728605
high,4,3,12,"true",4,3,3,4,0.018062457427155416
high,4,3,12,"false",4,3,4,3,0.041737081113728605
high,4,3,12,"true",4,3,4,3,0.018062457427155416
high,4,3,12,"false",4,3,4,4,0.041737081113728605
high,4,3,12,"true",4,3,4,4,0.018062457427155416
high,4,3,12,"false",4,4,3,3,0.041737081113728605
high,4,3,12,"true",4,4,3,3,0.018062457427155416
high,4,3,12,"false",4,4,3,4,0.041737081113728605
high,4,3,12,"true",4,4,3,4,0.018062457427155416
high,4,3,12,"false",4,4,4,3,0.041737081113728605
high,4,3,12,"true",4,4,4,3,0.018062457427155416
high,4,3,12,"false",4,4,4,4,0.10343537493402309
high,4,3,12,"true",4,4,4,4,0.005808498064316135
mid,4,3,12,"false",3,3,3,3,0.041813855966535245
mid,4,3,12,"true",3,3,3,3,0.00749964113895197
mid,4,3,12,"false",3,3,3,4,0.041813855966535245
mid,4,3,12,"true",3,3,3,4,0.018269138004070297
mid,4,3,12,"false",3,3,4,3,0.041813855966535245
mid,4,3,12,"true",3,3,4,3,0.018269138004070297
mid,4,3,12,"false",3,3,4,4,0.041813855966535245
mid,4,3,12,"true",3,3,4,4,0.018269138004070297
mid,4,3,12,"false",3,4,3,3,0.041813855966535245
mid,4,3,12,"true",3,4,3,3,0.018269138004070297
mid,4,3,12,"false",3,4,3,4,0.041813855966535245
mid,4,3,12,"true",3,4,3,4,0.018269138004070297
mid,4,3,12,"false",3,4,4,3,0.041813855966535245
mid,4,3,12,"true",3,4,4,3,0.018269138004070297
mid,4,3,12,"false",3,4,4,4,0.041813855966535245
mid,4,3,12,"true",3,4,4,4,0.018269138004070297
mid,4,3,12,"false",4,3,3,3,0.041813855966535245
mid,4,3,12,"true",4,3,3,3,0.018269138004070297
mid,4,3,12,"false",4,3,3,4,0.041813855966535245
mid,4,3,12,"true",4,3,3,4,0.018269138004070297
mid,4,3,12,"false",4,3,4,3,0.041813855966535245
mid,4,3,12,"true",4,3,4,3,0.018269138004070297
mid,4,3,12,"false",4,3,4,4,0.041813855966535245
mid,4,3,12,"true",4,3,4,4,0.018269138004070297
mid,4,3,12,"false",4,4,3,3,0.041813855966535245
mid,4,3,12,"true",4,4,3,3,0.018269138004070297
mid,4,3,12,"false",4,4,3,4,0.041813855966535245
mid,4,3,12,"true",4,4,3,4,0.018269138004070297
mid,4,3,12,"false",4,4,4,3,0.041813855966535245
mid,4,3,12,"true",4,4,4,3,0.018269138004070297
mid,4,3,12,"false",4,4,4,4,0.10362564304750041
mid,4,3,12,"true",4,4,4,4,0.005898944258535132
low,4,3,12,"false",3,3,3,3,0.04186400187307499
low,4,3,12,"true",3,3,3,3,0.005197721580870559
low,4,3,12,"false",3,3,3,4,0.04186400187307499
low,4,3,12,"true",3,3,3,4,0.01836791145355642
low,4,3,12,"false",3,3,4,3,0.04186400187307499
low,4,3,12,"true",3,3,4,3,0.01836791145355642
low,4,3,12,"false",3,3,4,4,0.04186400187307499
low,4,3,12,"true",3,3,4,4,0.01836791145355642
low,4,3,12,"false",3,4,3,3,0.04186400187307499
low,4,3,12,"true",3,4,3,3,0.01836791145355642
low,4,3,12,"false",3,4,3,4,0.04186400187307499
low,4,3,12,"true",3,4,3,4,0.01836791145355642
low,4,3,12,"false",3,4,4,3,0.04186400187307499
low,4,3,12,"true",3,4,4,3,0.01836791145355642
low,4,3,12,"false",3,4,4,4,0.04186400187307499
low,4,3,12,"true",3,4,4,4,0.01836791145355642
low,4,3,12,"false",4,3,3,3,0.04186400187307499
low,4,3,12,"true",4,3,3,3,0.01836791145355642
low,4,3,12,"false",4,3,3,4,0.04186400187307499
low,4,3,12,"true",4,3,3,4,0.01836791145355642
low,4,3,12,"false",4,3,4,3,0.04186400187307499
low,4,3,12,"true",4,3,4,3,0.01836791145355642
low,4,3,12,"false",4,3,4,4,0.04186400187307499
low,4,3,12,"true",4,3,4,4,0.01836791145355642
low,4,3,12,"false",4,4,3,3,0.04186400187307499
low,4,3,12,"true",4,4,3,3,0.01836791145355642
low,4,3,12,"false",4,4,3,4,0.04186400187307499
low,4,3,12,"true",4,4,3,4,0.01836791145355642
low,4,3,12,"false",4,4,4,3,0.04186400187307499
low,4,3,12,"true",4,4,4,3,0.01836791145355642
low,4,3,12,"false",4,4,4,4,0.10374991768544685
low,4,3,12,"true",4,4,4,4,0.0059415722877677905
high,4,3,13,"false",3,3,3,3,0.04191554882446964
high,4,3,13,"true",3,3,3,3,0.013034713353950926
high,4,3,13,"false",3,3,3,4,0.04191554882446964
high,4,3,13,"true",3,3,3,4,0.013034713353950926
high,4,3,13,"false",3,3,4,3,0.04191554882446964
high,4,3,13,"true",3,3,4,3,0.013034713353950926
high,4,3,13,"false",3,3,4,4,0.04191554882446964
high,4,3,13,"true",3,3,4,4,0.01957042878212913
high,4,3,13,"false",3,4,3,3,0.04191554882446964
high,4,3,13,"true",3,4,3,3,0.013034713353950926
high,4,3,13,"false",3,4,3,4,0.04191554882446964
high,4,3,13,"true",3,4,3,4,0.01957042878212913
high,4,3,13,"false",3,4,4,3,0.04191554882446964
high,4,3,13,"true",3,4,4,3,0.01957042878212913
high,4,3,13,"false",3,4,4,4,0.04191554882446964
high,4,3,13,"true",3,4,4,4,0.01957042878212913
high,4,3,13,"false",4,3,3,3,0.04191554882446964
high,4,3,13,"true",4,3,3,3,0.013034713353950926
high,4,3,13,"false",4,3,3,4,0.04191554882446964
high,4,3,13,"true",4,3,3,4,0.01957042878212913
high,4,3,13,"false",4,3,4,3,0.04191554882446964
high,4,3,13,"true",4,3,4,3,0.01957042878212913
high,4,3,13,"false",4,3,4,4,0.04191554882446964
high,4,3,13,"true",4,3,4,4,0.01957042878212913
high,4,3,13,"false",4,4,3,3,0.04191554882446964
high,4,3,13,"true",4,4,3,3,0.01957042878212913
high,4,3,13,"false",4,4,3,4,0.04191554882446964
high,4,3,13,"true",4,4,3,4,0.01957042878212913
high,4,3,13,"false",4,4,4,3,0.04191554882446964
high,4,3,13,"true",4,4,4,3,0.01957042878212913
high,4,3,13,"false",4,4,4,4,0.10387766447803348
high,4,3,13,"true",4,4,4,4,0.006511248563876139
mid,4,3,13,"false",3,3,3,3,0.04232350938044783
mid,4,3,13,"true",3,3,3,3,0.008974236533489766
mid,4,3,13,"false",3,3,3,4,0.04232350938044783
mid,4,3,13,"true",3,3,3,4,0.008974236533489766
mid,4,3,13,"false",3,3,4,3,0.04232350938044783
mid,4,3,13,"true",3,3,4,3,0.008974236533489766
mid,4,3,13,"false",3,3,4,4,0.04232350938044783
mid,4,3,13,"true",3,3,4,4,0.02082762172143091
mid,4,3,13,"false",3,4,3,3,0.04232350938044783
mid,4,3,13,"true",3,4,3,3,0.008974236533489766
mid,4,3,13,"false",3,4,3,4,0.04232350938044783
mid,4,3,13,"true",3,4,3,4,0.02082762172143091
mid,4,3,13,"false",3,4,4,3,0.04232350938044783
mid,4,3,13,"true",3,4,4,3,0.02082762172143091
mid,4,3,13,"false",3,4,4,4,0.04232350938044783
mid,4,3,13,"true",3,4,4,4,0.02082762172143091
mid,4,3,13,"false",4,3,3,3,0.04232350938044783
mid,4,3,13,"true",4,3,3,3,0.008974236533489766
mid,4,3,13,"false",4,3,3,4,0.04232350938044783
mid,4,3,13,"true",4,3,3,4,0.02082762172143091
mid,4,3,13,"false",4,3,4,3,0.04232350938044783
mid,4,3,13,"true",4,3,4,3,0.02082762172143091
mid,4,3,13,"false",4,3,4,4,0.04232350938044783
mid,4,3,13,"true",4,3,4,4,0.02082762172143091
mid,4,3,13,"false",4,4,3,3,0.04232350938044783
mid,4,3,13,"true",4,4,3,3,0.02082762172143091
mid,4,3,13,"false",4,4,3,4,0.04232350938044783
mid,4,3,13,"true",4,4,3,4,0.02082762172143091
mid,4,3,13,"false",4,4,4,3,0.04232350938044783
mid,4,3,13,"true",4,4,4,3,0.02082762172143091
mid,4,3,13,"false",4,4,4,4,0.1048886971602403
mid,4,3,13,"true",4,4,4,4,0.007111262251284387
low,4,3,13,"false",3,3,3,3,0.042630199046077774
low,4,3,13,"true",3,3,3,3,0.006524427970348479
low,4,3,13,"false",3,3,3,4,0.042630199046077774
low,4,3,13,"true",3,3,3,4,0.006524427970348479
low,4,3,13,"false",3,3,4,3,0.042630199046077774
low,4,3,13,"true",3,3,4,3,0.006524427970348479
low,4,3,13,"false",3,3,4,4,0.042630199046077774
low,4,3,13,"true",3,3,4,4,0.021484865802425965
low,4,3,13,"false",3,4,3,3,0.042630199046077774
low,4,3,13,"true",3,4,3,3,0.006524427970348479
low,4,3,13,"false",3,4,3,4,0.042630199046077774
low,4,3,13,"true",3,4,3,4,0.021484865802425965
low,4,3,13,"false",3,4,4,3,0.042630199046077774
low,4,3,13,"true",3,4,4,3,0.021484865802425965
low,4,3,13,"false",3,4,4,4,0.042630199046077774
low,4,3,13,"true",3,4,4,4,0.021484865802425965
low,4,3,13,"false",4,3,3,3,0.042630199046077774
low,4,3,13,"true",4,3,3,3,0.006524427970348479
low,4,3,13,"false",4,3,3,4,0.042630199046077774
low,4,3,13,"true",4,3,3,4,0.021484865802425965
low,4,3,13,"false",4,3,4,3,0.042630199046077774
low,4,3,13,"true",4,3,4,3,0.021484865802425965
low,4,3,13,"false",4,3,4,4,0.042630199046077774
low,4,3,13,"true",4,3,4,4,0.021484865802425965
low,4,3,13,"false",4,4,3,3,0.042630199046077774
low,4,3,13,"true",4,4,3,3,0.021484865802425965
low,4,3,13,"false",4,4,3,4,0.042630199046077774
low,4,3,13,"true",4,4,3,4,0.021484865802425965
low,4,3,13,"false",4,4,4,3,0.042630199046077774
low,4,3,13,"true",4,4,4,3,0.021484865802425965
low,4,3,13,"false",4,4,4,4,0.10564875415767112
low,4,3,13,"true",4,4,4,4,0.00742746227516051
high,4,3,14,"false",3,3,3,3,0.042031371001877746
high,4,3,14,"true",3,3,3,3,0.01531142800782689
high,4,3,14,"false",3,3,3,4,0.042031371001877746
high,4,3,14,"true",3,3,3,4,0.01531142800782689
high,4,3,14,"false",3,3,4,3,0.042031371001877746
high,4,3,14,"true",3,3,4,3,0.01531142800782689
high,4,3,14,"false",3,3,4,4,0.042031371001877746
high,4,3,14,"true",3,3,4,4,0.01531142800782689
high,4,3,14,"false",3,4,3,3,0.042031371001877746
high,4,3,14,"true",3,4,3,3,0.01531142800782689
high,4,3,14,"false",3,4,3,4,0.042031371001877746
high,4,3,14,"true",3,4,3,4,0.01531142800782689
high,4,3,14,"false",3,4,4,3,0.042031371001877746
high,4,3,14,"true",3,4,4,3,0.01531142800782689
high,4,3,14,"false",3,4,4,4,0.042031371001877746
high,4,3,14,"true",3,4,4,4,0.022257826656745163
high,4,3,14,"false",4,3,3,3,0.042031371001877746
high,4,3,14,"true",4,3,3,3,0.01531142800782689
high,4,3,14,"false",4,3,3,4,0.042031371001877746
high,4,3,14,"true",4,3,3,4,0.01531142800782689
high,4,3,14,"false",4,3,4,3,0.042031371001877746
high,4,3,14,"true",4,3,4,3,0.01531142800782689
high,4,3,14,"false",4,3,4,4,0.042031371001877746
high,4,3,14,"true",4,3,4,4,0.022257826656745163
high,4,3,14,"false",4,4,3,3,0.042031371001877746
high,4,3,14,"true",4,4,3,3,0.01531142800782689
high,4,3,14,"false",4,4,3,4,0.042031371001877746
high,4,3,14,"true",4,4,3,4,0.022257826656745163
high,4,3,14,"false",4,4,4,3,0.042031371001877746
high,4,3,14,"true",4,4,4,3,0.022257826656745163
high,4,3,14,"false",4,4,4,4,0.10416470204813183
high,4,3,14,"true",4,4,4,4,0.007907718210625695
mid,4,3,14,"false",3,3,3,3,0.04282284435756624
mid,4,3,14,"true",3,3,3,3,0.012495322495379416
mid,4,3,14,"false",3,3,3,4,0.04282284435756624
mid,4,3,14,"true",3,3,3,4,0.012495322495379416
mid,4,3,14,"false",3,3,4,3,0.04282284435756624
mid,4,3,14,"true",3,3,4,3,0.012495322495379416
mid,4,3,14,"false",3,3,4,4,0.04282284435756624
mid,4,3,14,"true",3,3,4,4,0.012495322495379416
mid,4,3,14,"false",3,4,3,3,0.04282284435756624
mid,4,3,14,"true",3,4,3,3,0.012495322495379416
mid,4,3,14,"false",3,4,3,4,0.04282284435756624
mid,4,3,14,"true",3,4,3,4,0.012495322495379416
mid,4,3,14,"false",3,4,4,3,0.04282284435756624
mid,4,3,14,"true",3,4,4,3,0.012495322495379416
mid,4,3,14,"false",3,4,4,4,0.04282284435756624
mid,4,3,14,"true",3,4,4,4,0.02599958407423664
mid,4,3,14,"false",4,3,3,3,0.04282284435756624
mid,4,3,14,"true",4,3,3,3,0.012495322495379416
mid,4,3,14,"false",4,3,3,4,0.04282284435756624
mid,4,3,14,"true",4,3,3,4,0.012495322495379416
mid,4,3,14,"false",4,3,4,3,0.04282284435756624
mid,4,3,14,"true",4,3,4,3,0.012495322495379416
mid,4,3,14,"false",4,3,4,4,0.04282284435756624
mid,4,3,14,"true",4,3,4,4,0.02599958407423664
mid,4,3,14,"false",4,4,3,3,0.04282284435756624
mid,4,3,14,"true",4,4,3,3,0.012495322495379416
mid,4,3,14,"false",4,4,3,4,0.04282284435756624
mid,4,3,14,"true",4,4,3,4,0.02599958407423664
mid,4,3,14,"false",4,4,4,3,0.04282284435756624
mid,4,3,14,"true",4,4,4,3,0.02599958407423664
mid,4,3,14,"false",4,4,4,4,0.1061261794948381
mid,4,3,14,"true",4,4,4,4,0.010084271395548247
low,4,3,14,"false",3,3,3,3,0.043623318452126046
low,4,3,14,"true",3,3,3,3,0.010256120614808371
low,4,3,14,"false",3,3,3,4,0.043623318452126046
low,4,3,14,"true",3,3,3,4,0.010256120614808371
low,4,3,14,"false",3,3,4,3,0.043623318452126046
low,4,3,14,"true",3,3,4,3,0.010256120614808371
low,4,3,14,"false",3,3,4,4,0.043623318452126046
low,4,3,14,"true",3,3,4,4,0.010256120614808371
low,4,3,14,"false",3,4,3,3,0.043623318452126046
low,4,3,14,"true",3,4,3,3,0.010256120614808371
low,4,3,14,"false",3,4,3,4,0.043623318452126046
low,4,3,14,"true",3,4,3,4,0.010256120614808371
low,4,3,14,"false",3,4,4,3,0.043623318452126046
low,4,3,14,"true",3,4,4,3,0.010256120614808371
low,4,3,14,"false",3,4,4,4,0.043623318452126046
low,4,3,14,"true",3,4,4,4,0.028295535146339194
low,4,3,14,"false",4,3,3,3,0.043623318452126046
low,4,3,14,"true",4,3,3,3,0.010256120614808371
low,4,3,14,"false",4,3,3,4,0.043623318452126046
low,4,3,14,"true",4,3,3,4,0.010256120614808371
low,4,3,14,"false",4,3,4,3,0.043623318452126046
low,4,3,14,"true",4,3,4,3,0.010256120614808371
low,4,3,14,"false",4,3,4,4,0.043623318452126046
low,4,3,14,"true",4,3,4,4,0.028295535146339194
low,4,3,14,"false",4,4,3,3,0.043623318452126046
low,4,3,14,"true",4,4,3,3,0.010256120614808371
low,4,3,14,"false",4,4,3,4,0.043623318452126046
low,4,3,14,"true",4,4,3,4,0.028295535146339194
low,4,3,14,"false",4,4,4,3,0.043623318452126046
low,4,3,14,"true",4,4,4,3,0.028295535146339194
low,4,3,14,"false",4,4,4,4,0.1081099631204864
low,4,3,14,"true",4,4,4,4,0.011540792749374015
high,4,3,15,"false",3,3,3,3,0.04189960733261177
high,4,3,15,"true",3,3,3,3,0.017232903015832263
high,4,3,15,"false",3,3,3,4,0.04189960733261177
high,4,3,15,"true",3,3,3,4,0.017232903015832263
high,4,3,15,"false",3,3,4,3,0.04189960733261177
high,4,3,15,"true",3,3,4,3,0.017232903015832263
high,4,3,15,"false",3,3,4,4,0.04189960733261177
high,4,3,15,"true",3,3,4,4,0.017232903015832263
high,4,3,15,"false",3,4,3,3,0.04189960733261177
high,4,3,15,"true",3,4,3,3,0.017232903015832263
high,4,3,15,"false",3,4,3,4,0.04189960733261177
high,4,3,15,"true",3,4,3,4,0.017232903015832263
high,4,3,15,"false",3,4,4,3,0.04189960733261177
high,4,3,15,"true",3,4,4,3,0.017232903015832263
high,4,3,15,"false",3,4,4,4,0.04189960733261177
high,4,3,15,"true",3,4,4,4,0.017232903015832263
high,4,3,15,"false",4,3,3,3,0.04189960733261177
high,4,3,15,"true",4,3,3,3,0.017232903015832263
high,4,3,15,"false",4,3,3,4,0.04189960733261177
high,4,3,15,"true",4,3,3,4,0.017232903015832263
high,4,3,15,"false",4,3,4,3,0.04189960733261177
high,4,3,15,"true",4,3,4,3,0.017232903015832263
high,4,3,15,"false",4,3,4,4,0.04189960733261177
high,4,3,15,"true",4,3,4,4,0.017232903015832263
high,4,3,15,"false",4,4,3,3,0.04189960733261177
high,4,3,15,"true",4,4,3,3,0.017232903015832263
high,4,3,15,"false",4,4,3,4,0.04189960733261177
high,4,3,15,"true",4,4,3,4,0.017232903015832263
high,4,3,15,"false",4,4,4,3,0.04189960733261177
high,4,3,15,"true",4,4,4,3,0.017232903015832263
high,4,3,15,"false",4,4,4,4,0.10383815730255963
high,4,3,15,"true",4,4,4,4,0.009174187470779924
mid,4,3,15,"false",3,3,3,3,0.0422985662086792
mid,4,3,15,"true",3,3,3,3,0.01647284799561113
mid,4,3,15,"false",3,3,3,4,0.0422985662086792
mid,4,3,15,"true",3,3,3,4,0.01647284799561113
mid,4,3,15,"false",3,3,4,3,0.0422985662086792
mid,4,3,15,"true",3,3,4,3,0.01647284799561113
mid,4,3,15,"false",3,3,4,4,0.0422985662086792
mid,4,3,15,"true",3,3,4,4,0.01647284799561113
mid,4,3,15,"false",3,4,3,3,0.0422985662086792
mid,4,3,15,"true",3,4,3,3,0.01647284799561113
mid,4,3,15,"false",3,4,3,4,0.0422985662086792
mid,4,3,15,"true",3,4,3,4,0.01647284799561113
mid,4,3,15,"false",3,4,4,3,0.0422985662086792
mid,4,3,15,"true",3,4,4,3,0.01647284799561113
mid,4,3,15,"false",3,4,4,4,0.0422985662086792
mid,4,3,15,"true",3,4,4,4,0.01647284799561113
mid,4,3,15,"false",4,3,3,3,0.0422985662086792
mid,4,3,15,"true",4,3,3,3,0.01647284799561113
mid,4,3,15,"false",4,3,3,4,0.0422985662086792
mid,4,3,15,"true",4,3,3,4,0.01647284799561113
mid,4,3,15,"false",4,3,4,3,0.0422985662086792
mid,4,3,15,"true",4,3,4,3,0.01647284799561113
mid,4,3,15,"false",4,3,4,4,0.0422985662086792
mid,4,3,15,"true",4,3,4,4,0.01647284799561113
mid,4,3,15,"false",4,4,3,3,0.0422985662086792
mid,4,3,15,"true",4,4,3,3,0.01647284799561113
mid,4,3,15,"false",4,4,3,4,0.0422985662086792
mid,4,3,15,"true",4,4,3,4,0.01647284799561113
mid,4,3,15,"false",4,4,4,3,0.0422985662086792
mid,4,3,15,"true",4,4,4,3,0.01647284799561113
mid,4,3,15,"false",4,4,4,4,0.10482688147368327
mid,4,3,15,"true",4,4,4,4,0.01360190546196227
low,4,3,15,"false",3,3,3,3,0.042788154033119086
low,4,3,15,"true",3,3,3,3,0.015655930531985645
low,4,3,15,"false",3,3,3,4,0.042788154033119086
low,4,3,15,"true",3,3,3,4,0.015655930531985645
low,4,3,15,"false",3,3,4,3,0.042788154033119086
low,4,3,15,"true",3,3,4,3,0.015655930531985645
low,4,3,15,"false",3,3,4,4,0.042788154033119086
low,4,3,15,"true",3,3,4,4,0.015655930531985645
low,4,3,15,"false",3,4,3,3,0.042788154033119086
low,4,3,15,"true",3,4,3,3,0.015655930531985645
low,4,3,15,"false",3,4,3,4,0.042788154033119086
low,4,3,15,"true",3,4,3,4,0.015655930531985645
low,4,3,15,"false",3,4,4,3,0.042788154033119086
low,4,3,15,"true",3,4,4,3,0.015655930531985645
low,4,3,15,"false",3,4,4,4,0.042788154033119086
low,4,3,15,"true",3,4,4,4,0.015655930531985645
low,4,3,15,"false",4,3,3,3,0.042788154033119086
low,4,3,15,"true",4,3,3,3,0.015655930531985645
low,4,3,15,"false",4,3,3,4,0.042788154033119086
low,4,3,15,"true",4,3,3,4,0.015655930531985645
low,4,3,15,"false",4,3,4,3,0.042788154033119086
low,4,3,15,"true",4,3,4,3,0.015655930531985645
low,4,3,15,"false",4,3,4,4,0.042788154033119086
low,4,3,15,"true",4,3,4,4,0.015655930531985645
low,4,3,15,"false",4,4,3,3,0.042788154033119086
low,4,3,15,"true",4,4,3,3,0.015655930531985645
low,4,3,15,"false",4,4,3,4,0.042788154033119086
low,4,3,15,"true",4,4,3,4,0.015655930531985645
low,4,3,15,"false",4,4,4,3,0.042788154033119086
low,4,3,15,"true",4,4,4,3,0.015655930531985645
low,4,3,15,"false",4,4,4,4,0.1060402078212083
low,4,3,15,"true",4,4,4,4,0.017298523702220535
high,4,3,16,"false",3,3,3,3,0.041685947863643394
high,4,3,16,"true",3,3,3,3,0.017716527842048437
high,4,3,16,"false",3,3,3,4,0.041685947863643394
high,4,3,16,"true",3,3,3,4,0.017716527842048437
high,4,3,16,"false",3,3,4,3,0.041685947863643394
high,4,3,16,"true",3,3,4,3,0.017716527842048437
high,4,3,16,"false",3,3,4,4,0.041685947863643394
high,4,3,16,"true",3,3,4,4,0.017716527842048437
high,4,3,16,"false",3,4,3,3,0.041685947863643394
high,4,3,16,"true",3,4,3,3,0.017716527842048437
high,4,3,16,"false",3,4,3,4,0.041685947863643394
high,4,3,16,"true",3,4,3,4,0.017716527842048437
high,4,3,16,"false",3,4,4,3,0.041685947863643394
high,4,3,16,"true",3,4,4,3,0.017716527842048437
high,4,3,16,"false",3,4,4,4,0.041685947863643394
high,4,3,16,"true",3,4,4,4,0.017716527842048437
high,4,3,16,"false",4,3,3,3,0.041685947863643394
high,4,3,16,"true",4,3,3,3,0.017716527842048437
high,4,3,16,"false",4,3,3,4,0.041685947863643394
high,4,3,16,"true",4,3,3,4,0.017716527842048437
high,4,3,16,"false",4,3,4,3,0.041685947863643394
high,4,3,16,"true",4,3,4,3,0.017716527842048437
high,4,3,16,"false",4,3,4,4,0.041685947863643394
high,4,3,16,"true",4,3,4,4,0.017716527842048437
high,4,3,16,"false",4,4,3,3,0.041685947863643394
high,4,3,16,"true",4,4,3,3,0.017716527842048437
high,4,3,16,"false",4,4,3,4,0.041685947863643394
high,4,3,16,"true",4,4,3,4,0.017716527842048437
high,4,3,16,"false",4,4,4,3,0.041685947863643394
high,4,3,16,"true",4,4,4,3,0.017716527842048437
high,4,3,16,"false",4,4,4,4,0.10330865340120321
high,4,3,16,"true",4,4,4,4,0.005654211013419717
mid,4,3,16,"false",3,3,3,3,0.041685947863643394
mid,4,3,16,"true",3,3,3,3,0.017716527842048437
mid,4,3,16,"false",3,3,3,4,0.041685947863643394
mid,4,3,16,"true",3,3,3,4,0.017716527842048437
mid,4,3,16,"false",3,3,4,3,0.041685947863643394
mid,4,3,16,"true",3,3,4,3,0.017716527842048437
mid,4,3,16,"false",3,3,4,4,0.041685947863643394
mid,4,3,16,"true",3,3,4,4,0.017716527842048437
mid,4,3,16,"false",3,4,3,3,0.041685947863643394
mid,4,3,16,"true",3,4,3,3,0.017716527842048437
mid,4,3,16,"false",3,4,3,4,0.041685947863643394
mid,4,3,16,"true",3,4,3,4,0.017716527842048437
mid,4,3,16,"false",3,4,4,3,0.041685947863643394
mid,4,3,16,"true",3,4,4,3,0.017716527842048437
mid,4,3,16,"false",3,4,4,4,0.041685947863643394
mid,4,3,16,"true",3,4,4,4,0.017716527842048437
mid,4,3,16,"false",4,3,3,3,0.041685947863643394
mid,4,3,16,"true",4,3,3,3,0.017716527842048437
mid,4,3,16,"false",4,3,3,4,0.041685947863643394
mid,4,3,16,"true",4,3,3,4,0.017716527842048437
mid,4,3,16,"false",4,3,4,3,0.041685947863643394
mid,4,3,16,"true",4,3,4,3,0.017716527842048437
mid,4,3,16,"false",4,3,4,4,0.041685947863643394
mid,4,3,16,"true",4,3,4,4,0.017716527842048437
mid,4,3,16,"false",4,4,3,3,0.041685947863643394
mid,4,3,16,"true",4,4,3,3,0.017716527842048437
mid,4,3,16,"false",4,4,3,4,0.041685947863643394
mid,4,3,16,"true",4,4,3,4,0.017716527842048437
mid,4,3,16,"false",4,4,4,3,0.041685947863643394
mid,4,3,16,"true",4,4,4,3,0.017716527842048437
mid,4,3,16,"false",4,4,4,4,0.10330865340120321
mid,4,3,16,"true",4,4,4,4,0.005654211013419717
low,4,3,16,"false",3,3,3,3,0.04168594786364337
low,4,3,16,"true",3,3,3,3,0.017716527842048448
low,4,3,16,"false",3,3,3,4,0.04168594786364337
low,4,3,16,"true",3,3,3,4,0.017716527842048448
low,4,3,16,"false",3,3,4,3,0.04168594786364337
low,4,3,16,"true",3,3,4,3,0.017716527842048448
low,4,3,16,"false",3,3,4,4,0.04168594786364337
low,4,3,16,"true",3,3,4,4,0.017716527842048448
low,4,3,16,"false",3,4,3,3,0.04168594786364337
low,4,3,16,"true",3,4,3,3,0.017716527842048448
low,4,3,16,"false",3,4,3,4,0.04168594786364337
low,4,3,16,"true",3,4,3,4,0.017716527842048448
low,4,3,16,"false",3,4,4,3,0.04168594786364337
low,4,3,16,"true",3,4,4,3,0.017716527842048448
low,4,3,16,"false",3,4,4,4,0.04168594786364337
low,4,3,16,"true",3,4,4,4,0.017716527842048448
low,4,3,16,"false",4,3,3,3,0.04168594786364337
low,4,3,16,"true",4,3,3,3,0.017716527842048448
low,4,3,16,"false",4,3,3,4,0.04168594786364337
low,4,3,16,"true",4,3,3,4,0.017716527842048448
low,4,3,16,"false",4,3,4,3,0.04168594786364337
low,4,3,16,"true",4,3,4,3,0.017716527842048448
low,4,3,16,"false",4,3,4,4,0.04168594786364337
low,4,3,16,"true",4,3,4,4,0.017716527842048448
low,4,3,16,"false",4,4,3,3,0.04168594786364337
low,4,3,16,"true",4,4,3,3,0.017716527842048448
low,4,3,16,"false",4,4,3,4,0.04168594786364337
low,4,3,16,"true",4,4,3,4,0.017716527842048448
low,4,3,16,"false",4,4,4,3,0.04168594786364337
low,4,3,16,"true",4,4,4,3,0.017716527842048448
low,4,3,16,"false",4,4,4,4,0.10330865340120325
low,4,3,16,"true",4,4,4,4,0.005654211013419714
high,4,4,11,"false",3,3,3,3,0.04999999999999999
high,4,4,11,"true",3,3,3,3,0.012500000000000008
high,4,4,11,"false",3,3,3,4,0.04999999999999999
high,4,4,11,"true",3,3,3,4,0.012500000000000008
high,4,4,11,"false",3,3,4,3,0.04999999999999999
high,4,4,11,"true",3,3,4,3,0.012500000000000008
high,4,4,11,"false",3,3,4,4,0.04999999999999999
high,4,4,11,"true",3,3,4,4,0.012500000000000008
high,4,4,11,"false",3,4,3,3,0.04999999999999999
high,4,4,11,"true",3,4,3,3,0.012500000000000008
high,4,4,11,"false",3,4,3,4,0.04999999999999999
high,4,4,11,"true",3,4,3,4,0.012500000000000008
high,4,4,11,"false",3,4,4,3,0.04999999999999999
high,4,4,11,"true",3,4,4,3,0.012500000000000008
high,4,4,11,"false",3,4,4,4,0.04999999999999999
high,4,4,11,"true",3,4,4,4,0.012500000000000008
high,4,4,11,"false",4,3,3,3,0.04999999999999999
high,4,4,11,"true",4,3,3,3,0.012500000000000008
high,4,4,11,"false",4,3,3,4,0.04999999999999999
high,4,4,11,"true",4,3,3,4,0.012500000000000008
high,4,4,11,"false",4,3,4,3,0.04999999999999999
high,4,4,11,"true",4,3,4,3,0.012500000000000008
high,4,4,11,"false",4,3,4,4,0.04999999999999999
high,4,4,11,"true",4,3,4,4,0.012500000000000008
high,4,4,11,"false",4,4,3,3,0.04999999999999999
high,4,4,11,"true",4,4,3,3,0.012500000000000008
high,4,4,11,"false",4,4,3,4,0.04999999999999999
high,4,4,11,"true",4,4,3,4,0.012500000000000008
high,4,4,11,"false",4,4,4,3,0.04999999999999999
high,4,4,11,"true",4,4,4,3,0.012500000000000008
high,4,4,11,"false",4,4,4,4,0.04999999999999999
high,4,4,11,"true",4,4,4,4,0.012500000000000008
mid,4,4,11,"false",3,3,3,3,0.04999999999999999
mid,4,4,11,"true",3,3,3,3,0.012500000000000008
mid,4,4,11,"false",3,3,3,4,0.04999999999999999
mid,4,4,11,"true",3,3,3,4,0.012500000000000008
mid,4,4,11,"false",3,3,4,3,0.04999999999999999
mid,4,4,11,"true",3,3,4,3,0.012500000000000008
mid,4,4,11,"false",3,3,4,4,0.04999999999999999
mid,4,4,11,"true",3,3,4,4,0.012500000000000008
mid,4,4,11,"false",3,4,3,3,0.04999999999999999
mid,4,4,11,"true",3,4,3,3,0.012500000000000008
mid,4,4,11,"false",3,4,3,4,0.04999999999999999
mid,4,4,11,"true",3,4,3,4,0.012500000000000008
mid,4,4,11,"false",3,4,4,3,0.04999999999999999
mid,4,4,11,"true",3,4,4,3,0.012500000000000008
mid,4,4,11,"false",3,4,4,4,0.04999999999999999
mid,4,4,11,"true",3,4,4,4,0.012500000000000008
mid,4,4,11,"false",4,3,3,3,0.04999999999999999
mid,4,4,11,"true",4,3,3,3,0.012500000000000008
mid,4,4,11,"false",4,3,3,4,0.04999999999999999
mid,4,4,11,"true",4,3,3,4,0.012500000000000008
mid,4,4,11,"false",4,3,4,3,0.04999999999999999
mid,4,4,11,"true",4,3,4,3,0.012500000000000008
mid,4,4,11,"false",4,3,4,4,0.04999999999999999
mid,4,4,11,"true",4,3,4,4,0.012500000000000008
mid,4,4,11,"false",4,4,3,3,0.04999999999999999
mid,4,4,11,"true",4,4,3,3,0.012500000000000008
mid,4,4,11,"false",4,4,3,4,0.04999999999999999
mid,4,4,11,"true",4,4,3,4,0.012500000000000008
mid,4,4,11,"false",4,4,4,3,0.04999999999999999
mid,4,4,11,"true",4,4,4,3,0.012500000000000008
mid,4,4,11,"false",4,4,4,4,0.04999999999999999
mid,4,4,11,"true",4,4,4,4,0.012500000000000008
low,4,4,11,"false",3,3,3,3,0.04999999999999999
low,4,4,11,"true",3,3,3,3,0.012500000000000008
low,4,4,11,"false",3,3,3,4,0.04999999999999999
low,4,4,11,"true",3,3,3,4,0.012500000000000008
low,4,4,11,"false",3,3,4,3,0.04999999999999999
low,4,4,11,"true",3,3,4,3,0.012500000000000008
low,4,4,11,"false",3,3,4,4,0.04999999999999999
low,4,4,11,"true",3,3,4,4,0.012500000000000008
low,4,4,11,"false",3,4,3,3,0.04999999999999999
low,4,4,11,"true",3,4,3,3,0.012500000000000008
low,4,4,11,"false",3,4,3,4,0.04999999999999999
low,4,4,11,"true",3,4,3,4,0.012500000000000008
low,4,4,11,"false",3,4,4,3,0.04999999999999999
low,4,4,11,"true",3,4,4,3,0.012500000000000008
low,4,4,11,"false",3,4,4,4,0.04999999999999999
low,4,4,11,"true",3,4,4,4,0.012500000000000008
low,4,4,11,"false",4,3,3,3,0.04999999999999999
low,4,4,11,"true",4,3,3,3,0.012500000000000008
low,4,4,11,"false",4,3,3,4,0.04999999999999999
low,4,4,11,"true",4,3,3,4,0.012500000000000008
low,4,4,11,"false",4,3,4,3,0.04999999999999999
low,4,4,11,"true",4,3,4,3,0.012500000000000008
low,4,4,11,"false",4,3,4,4,0.04999999999999999
low,4,4,11,"true",4,3,4,4,0.012500000000000008
low,4,4,11,"false",4,4,3,3,0.04999999999999999
low,4,4,11,"true",4,4,3,3,0.012500000000000008
low,4,4,11,"false",4,4,3,4,0.04999999999999999
low,4,4,11,"true",4,4,3,4,0.012500000000000008
low,4,4,11,"false",4,4,4,3,0.04999999999999999
low,4,4,11,"true",4,4,4,3,0.012500000000000008
low,4,4,11,"false",4,4,4,4,0.04999999999999999
low,4,4,11,"true",4,4,4,4,0.012500000000000008
high,4,4,12,"false",3,3,3,3,0.05003422313483914
high,4,4,12,"true",3,3,3,3,0.008145106091718004
high,4,4,12,"false",3,3,3,4,0.05003422313483914
high,4,4,12,"true",3,3,3,4,0.012753821583390381
high,4,4,12,"false",3,3,4,3,0.05003422313483914
high,4,4,12,"true",3,3,4,3,0.012753821583390381
high,4,4,12,"false",3,3,4,4,0.05003422313483914
high,4,4,12,"true",3,3,4,4,0.012753821583390381
high,4,4,12,"false",3,4,3,3,0.05003422313483914
high,4,4,12,"true",3,4,3,3,0.012753821583390381
high,4,4,12,"false",3,4,3,4,0.05003422313483914
high,4,4,12,"true",3,4,3,4,0.012753821583390381
high,4,4,12,"false",3,4,4,3,0.05003422313483914
high,4,4,12,"true",3,4,4,3,0.012753821583390381
high,4,4,12,"false",3,4,4,4,0.05003422313483914
high,4,4,12,"true",3,4,4,4,0.012753821583390381
high,4,4,12,"false",4,3,3,3,0.05003422313483914
high,4,4,12,"true",4,3,3,3,0.012753821583390381
high,4,4,12,"false",4,3,3,4,0.05003422313483914
high,4,4,12,"true",4,3,3,4,0.012753821583390381
high,4,4,12,"false",4,3,4,3,0.05003422313483914
high,4,4,12,"true",4,3,4,3,0.012753821583390381
high,4,4,12,"false",4,3,4,4,0.05003422313483914
high,4,4,12,"true",4,3,4,4,0.012753821583390381
high,4,4,12,"false",4,4,3,3,0.05003422313483914
high,4,4,12,"true",4,4,3,3,0.012753821583390381
high,4,4,12,"false",4,4,3,4,0.05003422313483914
high,4,4,12,"true",4,4,3,4,0.012753821583390381
high,4,4,12,"false",4,4,4,3,0.05003422313483914
high,4,4,12,"true",4,4,4,3,0.012753821583390381
high,4,4,12,"false",4,4,4,4,0.05003422313483914
high,4,4,12,"true",4,4,4,4,0.012753821583390381
mid,4,4,12,"false",3,3,3,3,0.05008966591145582
mid,4,4,12,"true",3,3,3,3,0.005075164387504346
mid,4,4,12,"false",3,3,3,4,0.05008966591145582
mid,4,4,12,"true",3,3,3,4,0.012899345401946826
mid,4,4,12,"false",3,3,4,3,0.05008966591145582
mid,4,4,12,"true",3,3,4,3,0.012899345401946826
mid,4,4,12,"false",3,3,4,4,0.05008966591145582
mid,4,4,12,"true",3,3,4,4,0.012899345401946826
mid,4,4,12,"false",3,4,3,3,0.05008966591145582
mid,4,4,12,"true",3,4,3,3,0.012899345401946826
mid,4,4,12,"false",3,4,3,4,0.05008966591145582
mid,4,4,12,"true",3,4,3,4,0.012899345401946826
mid,4,4,12,"false",3,4,4,3,0.05008966591145582
mid,4,4,12,"true",3,4,4,3,0.012899345401946826
mid,4,4,12,"false",3,4,4,4,0.05008966591145582
mid,4,4,12,"true",3,4,4,4,0.012899345401946826
mid,4,4,12,"false",4,3,3,3,0.05008966591145582
mid,4,4,12,"true",4,3,3,3,0.012899345401946826
mid,4,4,12,"false",4,3,3,4,0.05008966591145582
mid,4,4,12,"true",4,3,3,4,0.012899345401946826
mid,4,4,12,"false",4,3,4,3,0.05008966591145582
mid,4,4,12,"true",4,3,4,3,0.012899345401946826
mid,4,4,12,"false",4,3,4,4,0.05008966591145582
mid,4,4,12,"true",4,3,4,4,0.012899345401946826
mid,4,4,12,"false",4,4,3,3,0.05008966591145582
mid,4,4,12,"true",4,4,3,3,0.012899345401946826
mid,4,4,12,"false",4,4,3,4,0.05008966591145582
mid,4,4,12,"true",4,4,3,4,0.012899345401946826
mid,4,4,12,"false",4,4,4,3,0.05008966591145582
mid,4,4,12,"true",4,4,4,3,0.012899345401946826
mid,4,4,12,"false",4,4,4,4,0.05008966591145582
mid,4,4,12,"true",4,4,4,4,0.012899345401946826
low,4,4,12,"false",3,3,3,3,0.0501257464578827
low,4,4,12,"true",3,3,3,3,0.0034846775612431898
low,4,4,12,"false",3,3,3,4,0.0501257464578827
low,4,4,12,"true",3,3,3,4,0.012966891940842256
low,4,4,12,"false",3,3,4,3,0.0501257464578827
low,4,4,12,"true",3,3,4,3,0.012966891940842256
low,4,4,12,"false",3,3,4,4,0.0501257464578827
low,4,4,12,"true",3,3,4,4,0.012966891940842256
low,4,4,12,"false",3,4,3,3,0.0501257464578827
low,4,4,12,"true",3,4,3,3,0.012966891940842256
low,4,4,12,"false",3,4,3,4,0.0501257464578827
low,4,4,12,"true",3,4,3,4,0.012966891940842256
low,4,4,12,"false",3,4,4,3,0.0501257464578827
low,4,4,12,"true",3,4,4,3,0.012966891940842256
low,4,4,12,"false",3,4,4,4,0.0501257464578827
low,4,4,12,"true",3,4,4,4,0.012966891940842256
low,4,4,12,"false",4,3,3,3,0.0501257464578827
low,4,4,12,"true",4,3,3,3,0.012966891940842256
low,4,4,12,"false",4,3,3,4,0.0501257464578827
low,4,4,12,"true",4,3,3,4,0.012966891940842256
low,4,4,12,"false",4,3,4,3,0.0501257464578827
low,4,4,12,"true",4,3,4,3,0.012966891940842256
low,4,4,12,"false",4,3,4,4,0.0501257464578827
low,4,4,12,"true",4,3,4,4,0.012966891940842256
low,4,4,12,"false",4,4,3,3,0.0501257464578827
low,4,4,12,"true",4,4,3,3,0.012966891940842256
low,4,4,12,"false",4,4,3,4,0.0501257464578827
low,4,4,12,"true",4,4,3,4,0.012966891940842256
low,4,4,12,"false",4,4,4,3,0.0501257464578827
low,4,4,12,"true",4,4,4,3,0.012966891940842256
low,4,4,12,"false",4,4,4,4,0.0501257464578827
low,4,4,12,"true",4,4,4,4,0.012966891940842256
high,4,4,13,"false",3,3,3,3,0.05015047879616963
high,4,4,13,"true",3,3,3,3,0.009001367989056097
high,4,4,13,"false",3,3,3,4,0.05015047879616963
high,4,4,13,"true",3,3,3,4,0.009001367989056097
high,4,4,13,"false",3,3,4,3,0.05015047879616963
high,4,4,13,"true",3,3,4,3,0.009001367989056097
high,4,4,13,"false",3,3,4,4,0.05015047879616963
high,4,4,13,"true",3,3,4,4,0.013871409028727777
high,4,4,13,"false",3,4,3,3,0.05015047879616963
high,4,4,13,"true",3,4,3,3,0.009001367989056097
high,4,4,13,"false",3,4,3,4,0.05015047879616963
high,4,4,13,"true",3,4,3,4,0.013871409028727777
high,4,4,13,"false",3,4,4,3,0.05015047879616963
high,4,4,13,"true",3,4,4,3,0.013871409028727777
high,4,4,13,"false",3,4,4,4,0.05015047879616963
high,4,4,13,"true",3,4,4,4,0.013871409028727777
high,4,4,13,"false",4,3,3,3,0.05015047879616963
high,4,4,13,"true",4,3,3,3,0.009001367989056097
high,4,4,13,"false",4,3,3,4,0.05015047879616963
high,4,4,13,"true",4,3,3,4,0.013871409028727777
high,4,4,13,"false",4,3,4,3,0.05015047879616963
high,4,4,13,"true",4,3,4,3,0.013871409028727777
high,4,4,13,"false",4,3,4,4,0.05015047879616963
high,4,4,13,"true",4,3,4,4,0.013871409028727777
high,4,4,13,"false",4,4,3,3,0.05015047879616963
high,4,4,13,"true",4,4,3,3,0.013871409028727777
high,4,4,13,"false",4,4,3,4,0.05015047879616963
high,4,4,13,"true",4,4,3,4,0.013871409028727777
high,4,4,13,"false",4,4,4,3,0.05015047879616963
high,4,4,13,"true",4,4,4,3,0.013871409028727777
high,4,4,13,"false",4,4,4,4,0.05015047879616963
high,4,4,13,"true",4,4,4,4,0.013871409028727777
mid,4,4,13,"false",3,3,3,3,0.050447401456188784
mid,4,4,13,"true",3,3,3,3,0.006074817976399707
mid,4,4,13,"false",3,3,3,4,0.050447401456188784
mid,4,4,13,"true",3,3,3,4,0.006074817976399707
mid,4,4,13,"false",3,3,4,3,0.050447401456188784
mid,4,4,13,"true",3,3,4,3,0.006074817976399707
mid,4,4,13,"false",3,3,4,4,0.050447401456188784
mid,4,4,13,"true",3,3,4,4,0.014769771528998252
mid,4,4,13,"false",3,4,3,3,0.050447401456188784
mid,4,4,13,"true",3,4,3,3,0.006074817976399707
mid,4,4,13,"false",3,4,3,4,0.050447401456188784
mid,4,4,13,"true",3,4,3,4,0.014769771528998252
mid,4,4,13,"false",3,4,4,3,0.050447401456188784
mid,4,4,13,"true",3,4,4,3,0.014769771528998252
mid,4,4,13,"false",3,4,4,4,0.050447401456188784
mid,4,4,13,"true",3,4,4,4,0.014769771528998252
mid,4,4,13,"false",4,3,3,3,0.050447401456188784
mid,4,4,13,"true",4,3,3,3,0.006074817976399707
mid,4,4,13,"false",4,3,3,4,0.050447401456188784
mid,4,4,13,"true",4,3,3,4,0.014769771528998252
mid,4,4,13,"false",4,3,4,3,0.050447401456188784
mid,4,4,13,"true",4,3,4,3,0.014769771528998252
mid,4,4,13,"false",4,3,4,4,0.050447401456188784
mid,4,4,13,"true",4,3,4,4,0.014769771528998252
mid,4,4,13,"false",4,4,3,3,0.050447401456188784
mid,4,4,13,"true",4,4,3,3,0.014769771528998252
mid,4,4,13,"false",4,4,3,4,0.050447401456188784
mid,4,4,13,"true",4,4,3,4,0.014769771528998252
mid,4,4,13,"false",4,4,4,3,0.050447401456188784
mid,4,4,13,"true",4,4,4,3,0.014769771528998252
mid,4,4,13,"false",4,4,4,4,0.050447401456188784
mid,4,4,13,"true",4,4,4,4,0.014769771528998252
low,4,4,13,"false",3,3,3,3,0.050670378451583745
low,4,4,13,"true",3,3,3,3,0.0043623504627191365
low,4,4,13,"false",3,3,3,4,0.050670378451583745
low,4,4,13,"true",3,3,3,4,0.0043623504627191365
low,4,4,13,"false",3,3,4,3,0.050670378451583745
low,4,4,13,"true",3,3,4,3,0.0043623504627191365
low,4,4,13,"false",3,3,4,4,0.050670378451583745
low,4,4,13,"true",3,3,4,4,0.015223835678278546
low,4,4,13,"false",3,4,3,3,0.050670378451583745
low,4,4,13,"true",3,4,3,3,0.0043623504627191365
low,4,4,13,"false",3,4,3,4,0.050670378451583745
low,4,4,13,"true",3,4,3,4,0.015223835678278546
low,4,4,13,"false",3,4,4,3,0.050670378451583745
low,4,4,13,"true",3,4,4,3,0.015223835678278546
low,4,4,13,"false",3,4,4,4,0.050670378451583745
low,4,4,13,"true",3,4,4,4,0.015223835678278546
low,4,4,13,"false",4,3,3,3,0.050670378451583745
low,4,4,13,"true",4,3,3,3,0.0043623504627191365
low,4,4,13,"false",4,3,3,4,0.050670378451583745
low,4,4,13,"true",4,3,3,4,0.015223835678278546
low,4,4,13,"false",4,3,4,3,0.050670378451583745
low,4,4,13,"true",4,3,4,3,0.015223835678278546
low,4,4,13,"false",4,3,4,4,0.050670378451583745
low,4,4,13,"true",4,3,4,4,0.015223835678278546
low,4,4,13,"false",4,4,3,3,0.050670378451583745
low,4,4,13,"true",4,4,3,3,0.015223835678278546
low,4,4,13,"false",4,4,3,4,0.050670378451583745
low,4,4,13,"true",4,4,3,4,0.015223835678278546
low,4,4,13,"false",4,4,4,3,0.050670378451583745
low,4,4,13,"true",4,4,4,3,0.015223835678278546
low,4,4,13,"false",4,4,4,4,0.050670378451583745
low,4,4,13,"true",4,4,4,4,0.015223835678278546
high,4,4,14,"false",3,3,3,3,0.05020408163265304
high,4,4,14,"true",3,3,3,3,0.010649350649350652
high,4,4,14,"false",3,3,3,4,0.05020408163265304
high,4,4,14,"true",3,3,3,4,0.010649350649350652
high,4,4,14,"false",3,3,4,3,0.05020408163265304
high,4,4,14,"true",3,3,4,3,0.010649350649350652
high,4,4,14,"false",3,3,4,4,0.05020408163265304
high,4,4,14,"true",3,3,4,4,0.010649350649350652
high,4,4,14,"false",3,4,3,3,0.05020408163265304
high,4,4,14,"true",3,4,3,3,0.010649350649350652
high,4,4,14,"false",3,4,3,4,0.05020408163265304
high,4,4,14,"true",3,4,3,4,0.010649350649350652
high,4,4,14,"false",3,4,4,3,0.05020408163265304
high,4,4,14,"true",3,4,4,3,0.010649350649350652
high,4,4,14,"false",3,4,4,4,0.05020408163265304
high,4,4,14,"true",3,4,4,4,0.015918367346938772
high,4,4,14,"false",4,3,3,3,0.05020408163265304
high,4,4,14,"true",4,3,3,3,0.010649350649350652
high,4,4,14,"false",4,3,3,4,0.05020408163265304
high,4,4,14,"true",4,3,3,4,0.010649350649350652
high,4,4,14,"false",4,3,4,3,0.05020408163265304
high,4,4,14,"true",4,3,4,3,0.010649350649350652
high,4,4,14,"false",4,3,4,4,0.05020408163265304
high,4,4,14,"true",4,3,4,4,0.015918367346938772
high,4,4,14,"false",4,4,3,3,0.05020408163265304
high,4,4,14,"true",4,4,3,3,0.010649350649350652
high,4,4,14,"false",4,4,3,4,0.05020408163265304
high,4,4,14,"true",4,4,3,4,0.015918367346938772
high,4,4,14,"false",4,4,4,3,0.05020408163265304
high,4,4,14,"true",4,4,4,3,0.015918367346938772
high,4,4,14,"false",4,4,4,4,0.05020408163265304
high,4,4,14,"true",4,4,4,4,0.015918367346938772
mid,4,4,14,"false",3,3,3,3,0.05079024390243901
mid,4,4,14,"true",3,3,3,3,0.008526829268292688
mid,4,4,14,"false",3,3,3,4,0.05079024390243901
mid,4,4,14,"true",3,3,3,4,0.008526829268292688
mid,4,4,14,"false",3,3,4,3,0.05079024390243901
mid,4,4,14,"true",3,3,4,3,0.008526829268292688
mid,4,4,14,"false",3,3,4,4,0.05079024390243901
mid,4,4,14,"true",3,3,4,4,0.008526829268292688
mid,4,4,14,"false",3,4,3,3,0.05079024390243901
mid,4,4,14,"true",3,4,3,3,0.008526829268292688
mid,4,4,14,"false",3,4,3,4,0.05079024390243901
mid,4,4,14,"true",3,4,3,4,0.008526829268292688
mid,4,4,14,"false",3,4,4,3,0.05079024390243901
mid,4,4,14,"true",3,4,4,3,0.008526829268292688
mid,4,4,14,"false",3,4,4,4,0.05079024390243901
mid,4,4,14,"true",3,4,4,4,0.01871219512195122
mid,4,4,14,"false",4,3,3,3,0.05079024390243901
mid,4,4,14,"true",4,3,3,3,0.008526829268292688
mid,4,4,14,"false",4,3,3,4,0.05079024390243901
mid,4,4,14,"true",4,3,3,4,0.008526829268292688
mid,4,4,14,"false",4,3,4,3,0.05079024390243901
mid,4,4,14,"true",4,3,4,3,0.008526829268292688
mid,4,4,14,"false",4,3,4,4,0.05079024390243901
mid,4,4,14,"true",4,3,4,4,0.01871219512195122
mid,4,4,14,"false",4,4,3,3,0.05079024390243901
mid,4,4,14,"true",4,4,3,3,0.008526829268292688
mid,4,4,14,"false",4,4,3,4,0.05079024390243901
mid,4,4,14,"true",4,4,3,4,0.01871219512195122
mid,4,4,14,"false",4,4,4,3,0.05079024390243901
mid,4,4,14,"true",4,4,4,3,0.01871219512195122
mid,4,4,14,"false",4,4,4,4,0.05079024390243901
mid,4,4,14,"true",4,4,4,4,0.01871219512195122
low,4,4,14,"false",3,3,3,3,0.05139677065370748
low,4,4,14,"true",3,3,3,3,0.006888226994826784
low,4,4,14,"false",3,3,3,4,0.05139677065370748
low,4,4,14,"true",3,3,3,4,0.006888226994826784
low,4,4,14,"false",3,3,4,3,0.05139677065370748
low,4,4,14,"true",3,3,4,3,0.006888226994826784
low,4,4,14,"false",3,3,4,4,0.05139677065370748
low,4,4,14,"true",3,3,4,4,0.006888226994826784
low,4,4,14,"false",3,4,3,3,0.05139677065370748
low,4,4,14,"true",3,4,3,3,0.006888226994826784
low,4,4,14,"false",3,4,3,4,0.05139677065370748
low,4,4,14,"true",3,4,3,4,0.006888226994826784
low,4,4,14,"false",3,4,4,3,0.05139677065370748
low,4,4,14,"true",3,4,4,3,0.006888226994826784
low,4,4,14,"false",3,4,4,4,0.05139677065370748
low,4,4,14,"true",3,4,4,4,0.020376234519517176
low,4,4,14,"false",4,3,3,3,0.05139677065370748
low,4,4,14,"true",4,3,3,3,0.006888226994826784
low,4,4,14,"false",4,3,3,4,0.05139677065370748
low,4,4,14,"true",4,3,3,4,0.006888226994826784
low,4,4,14,"false",4,3,4,3,0.05139677065370748
low,4,4,14,"true",4,3,4,3,0.006888226994826784
low,4,4,14,"false",4,3,4,4,0.05139677065370748
low,4,4,14,"true",4,3,4,4,0.020376234519517176
low,4,4,14,"false",4,4,3,3,0.05139677065370748
low,4,4,14,"true",4,4,3,3,0.006888226994826784
low,4,4,14,"false",4,4,3,4,0.05139677065370748
low,4,4,14,"true",4,4,3,4,0.020376234519517176
low,4,4,14,"false",4,4,4,3,0.05139677065370748
low,4,4,14,"true",4,4,4,3,0.020376234519517176
low,4,4,14,"false",4,4,4,4,0.05139677065370748
low,4,4,14,"true",4,4,4,4,0.020376234519517176
high,4,4,15,"false",3,3,3,3,0.05006999533364442
high,4,4,15,"true",3,3,3,3,0.012085860942603843
high,4,4,15,"false",3,3,3,4,0.05006999533364442
high,4,4,15,"true",3,3,3,4,0.012085860942603843
high,4,4,15,"false",3,3,4,3,0.05006999533364442
high,4,4,15,"true",3,3,4,3,0.012085860942603843
high,4,4,15,"false",3,3,4,4,0.05006999533364442
high,4,4,15,"true",3,3,4,4,0.012085860942603843
high,4,4,15,"false",3,4,3,3,0.05006999533364442
high,4,4,15,"true",3,4,3,3,0.012085860942603843
high,4,4,15,"false",3,4,3,4,0.05006999533364442
high,4,4,15,"true",3,4,3,4,0.012085860942603843
high,4,4,15,"false",3,4,4,3,0.05006999533364442
high,4,4,15,"true",3,4,4,3,0.012085860942603843
high,4,4,15,"false",3,4,4,4,0.05006999533364442
high,4,4,15,"true",3,4,4,4,0.012085860942603843
high,4,4,15,"false",4,3,3,3,0.05006999533364442
high,4,4,15,"true",4,3,3,3,0.012085860942603843
high,4,4,15,"false",4,3,3,4,0.05006999533364442
high,4,4,15,"true",4,3,3,4,0.012085860942603843
high,4,4,15,"false",4,3,4,3,0.05006999533364442
high,4,4,15,"true",4,3,4,3,0.012085860942603843
high,4,4,15,"false",4,3,4,4,0.05006999533364442
high,4,4,15,"true",4,3,4,4,0.012085860942603843
high,4,4,15,"false",4,4,3,3,0.05006999533364442
high,4,4,15,"true",4,4,3,3,0.012085860942603843
high,4,4,15,"false",4,4,3,4,0.05006999533364442
high,4,4,15,"true",4,4,3,4,0.012085860942603843
high,4,4,15,"false",4,4,4,3,0.05006999533364442
high,4,4,15,"true",4,4,4,3,0.012085860942603843
high,4,4,15,"false",4,4,4,4,0.05006999533364442
high,4,4,15,"true",4,4,4,4,0.01759216052263184
mid,4,4,15,"false",3,3,3,3,0.0503501138230124
mid,4,4,15,"true",3,3,3,3,0.011465867504250358
mid,4,4,15,"false",3,3,3,4,0.0503501138230124
mid,4,4,15,"true",3,3,3,4,0.011465867504250358
mid,4,4,15,"false",3,3,4,3,0.0503501138230124
mid,4,4,15,"true",3,3,4,3,0.011465867504250358
mid,4,4,15,"false",3,3,4,4,0.0503501138230124
mid,4,4,15,"true",3,3,4,4,0.011465867504250358
mid,4,4,15,"false",3,4,3,3,0.0503501138230124
mid,4,4,15,"true",3,4,3,3,0.011465867504250358
mid,4,4,15,"false",3,4,3,4,0.0503501138230124
mid,4,4,15,"true",3,4,3,4,0.011465867504250358
mid,4,4,15,"false",3,4,4,3,0.0503501138230124
mid,4,4,15,"true",3,4,4,3,0.011465867504250358
mid,4,4,15,"false",3,4,4,4,0.0503501138230124
mid,4,4,15,"true",3,4,4,4,0.011465867504250358
mid,4,4,15,"false",4,3,3,3,0.0503501138230124
mid,4,4,15,"true",4,3,3,3,0.011465867504250358
mid,4,4,15,"false",4,3,3,4,0.0503501138230124
mid,4,4,15,"true",4,3,3,4,0.011465867504250358
mid,4,4,15,"false",4,3,4,3,0.0503501138230124
mid,4,4,15,"true",4,3,4,3,0.011465867504250358
mid,4,4,15,"false",4,3,4,4,0.0503501138230124
mid,4,4,15,"true",4,3,4,4,0.011465867504250358
mid,4,4,15,"false",4,4,3,3,0.0503501138230124
mid,4,4,15,"true",4,4,3,3,0.011465867504250358
mid,4,4,15,"false",4,4,3,4,0.0503501138230124
mid,4,4,15,"true",4,4,3,4,0.011465867504250358
mid,4,4,15,"false",4,4,4,3,0.0503501138230124
mid,4,4,15,"true",4,4,4,3,0.011465867504250358
mid,4,4,15,"false",4,4,4,4,0.0503501138230124
mid,4,4,15,"true",4,4,4,4,0.022410166268046004
low,4,4,15,"false",3,3,3,3,0.05076018269411249
low,4,4,15,"true",3,3,3,3,0.01081774385284365
low,4,4,15,"false",3,3,3,4,0.05076018269411249
low,4,4,15,"true",3,3,3,4,0.01081774385284365
low,4,4,15,"false",3,3,4,3,0.05076018269411249
low,4,4,15,"true",3,3,4,3,0.01081774385284365
low,4,4,15,"false",3,3,4,4,0.05076018269411249
low,4,4,15,"true",3,3,4,4,0.01081774385284365
low,4,4,15,"false",3,4,3,3,0.05076018269411249
low,4,4,15,"true",3,4,3,3,0.01081774385284365
low,4,4,15,"false",3,4,3,4,0.05076018269411249
low,4,4,15,"true",3,4,3,4,0.01081774385284365
low,4,4,15,"false",3,4,4,3,0.05076018269411249
low,4,4,15,"true",3,4,4,3,0.01081774385284365
low,4,4,15,"false",3,4,4,4,0.05076018269411249
low,4,4,15,"true",3,4,4,4,0.01081774385284365
low,4,4,15,"false",4,3,3,3,0.05076018269411249
low,4,4,15,"true",4,3,3,3,0.01081774385284365
low,4,4,15,"false",4,3,3,4,0.05076018269411249
low,4,4,15,"true",4,3,3,4,0.01081774385284365
low,4,4,15,"false",4,3,4,3,0.05076018269411249
low,4,4,15,"true",4,3,4,3,0.01081774385284365
low,4,4,15,"false",4,3,4,4,0.05076018269411249
low,4,4,15,"true",4,3,4,4,0.01081774385284365
low,4,4,15,"false",4,4,3,3,0.05076018269411249
low,4,4,15,"true",4,4,3,3,0.01081774385284365
low,4,4,15,"false",4,4,3,4,0.05076018269411249
low,4,4,15,"true",4,4,3,4,0.01081774385284365
low,4,4,15,"false",4,4,4,3,0.05076018269411249
low,4,4,15,"true",4,4,4,3,0.01081774385284365
low,4,4,15,"false",4,4,4,4,0.05076018269411249
low,4,4,15,"true",4,4,4,4,0.025570919101545405
high,4,4,16,"false",3,3,3,3,0.04999999999999999
high,4,4,16,"true",3,3,3,3,0.012500000000000008
high,4,4,16,"false",3,3,3,4,0.04999999999999999
high,4,4,16,"true",3,3,3,4,0.012500000000000008
high,4,4,16,"false",3,3,4,3,0.04999999999999999
high,4,4,16,"true",3,3,4,3,0.012500000000000008
high,4,4,16,"false",3,3,4,4,0.04999999999999999
high,4,4,16,"true",3,3,4,4,0.012500000000000008
high,4,4,16,"false",3,4,3,3,0.04999999999999999
high,4,4,16,"true",3,4,3,3,0.012500000000000008
high,4,4,16,"false",3,4,3,4,0.04999999999999999
high,4,4,16,"true",3,4,3,4,0.012500000000000008
high,4,4,16,"false",3,4,4,3,0.04999999999999999
high,4,4,16,"true",3,4,4,3,0.012500000000000008
high,4,4,16,"false",3,4,4,4,0.04999999999999999
high,4,4,16,"true",3,4,4,4,0.012500000000000008
high,4,4,16,"false",4,3,3,3,0.04999999999999999
high,4,4,16,"true",4,3,3,3,0.012500000000000008
high,4,4,16,"false",4,3,3,4,0.04999999999999999
high,4,4,16,"true",4,3,3,4,0.012500000000000008
high,4,4,16,"false",4,3,4,3,0.04999999999999999
high,4,4,16,"true",4,3,4,3,0.012500000000000008
high,4,4,16,"false",4,3,4,4,0.04999999999999999
high,4,4,16,"true",4,3,4,4,0.012500000000000008
high,4,4,16,"false",4,4,3,3,0.04999999999999999
high,4,4,16,"true",4,4,3,3,0.012500000000000008
high,4,4,16,"false",4,4,3,4,0.04999999999999999
high,4,4,16,"true",4,4,3,4,0.012500000000000008
high,4,4,16,"false",4,4,4,3,0.04999999999999999
high,4,4,16,"true",4,4,4,3,0.012500000000000008
high,4,4,16,"false",4,4,4,4,0.04999999999999999
high,4,4,16,"true",4,4,4,4,0.012500000000000008
mid,4,4,16,"false",3,3,3,3,0.04999999999999999
mid,4,4,16,"true",3,3,3,3,0.012500000000000008
mid,4,4,16,"false",3,3,3,4,0.04999999999999999
mid,4,4,16,"true",3,3,3,4,0.012500000000000008
mid,4,4,16,"false",3,3,4,3,0.04999999999999999
mid,4,4,16,"true",3,3,4,3,0.012500000000000008
mid,4,4,16,"false",3,3,4,4,0.04999999999999999
mid,4,4,16,"true",3,3,4,4,0.012500000000000008
mid,4,4,16,"false",3,4,3,3,0.04999999999999999
mid,4,4,16,"true",3,4,3,3,0.012500000000000008
mid,4,4,16,"false",3,4,3,4,0.04999999999999999
mid,4,4,16,"true",3,4,3,4,0.012500000000000008
mid,4,4,16,"false",3,4,4,3,0.04999999999999999
mid,4,4,16,"true",3,4,4,3,0.012500000000000008
mid,4,4,16,"false",3,4,4,4,0.04999999999999999
mid,4,4,16,"true",3,4,4,4,0.012500000000000008
mid,4,4,16,"false",4,3,3,3,0.04999999999999999
mid,4,4,16,"true",4,3,3,3,0.012500000000000008
mid,4,4,16,"false",4,3,3,4,0.04999999999999999
mid,4,4,16,"true",4,3,3,4,0.012500000000000008
mid,4,4,16,"false",4,3,4,3,0.04999999999999999
mid,4,4,16,"true",4,3,4,3,0.012500000000000008
mid,4,4,16,"false",4,3,4,4,0.04999999999999999
mid,4,4,16,"true",4,3,4,4,0.012500000000000008
mid,4,4,16,"false",4,4,3,3,0.04999999999999999
mid,4,4,16,"true",4,4,3,3,0.012500000000000008
mid,4,4,16,"false",4,4,3,4,0.04999999999999999
mid,4,4,16,"true",4,4,3,4,0.012500000000000008
mid,4,4,16,"false",4,4,4,3,0.04999999999999999
mid,4,4,16,"true",4,4,4,3,0.012500000000000008
mid,4,4,16,"false",4,4,4,4,0.04999999999999999
mid,4,4,16,"true",4,4,4,4,0.012500000000000008
low,4,4,16,"false",3,3,3,3,0.04999999999999999
low,4,4,16,"true",3,3,3,3,0.012500000000000008
low,4,4,16,"false",3,3,3,4,0.04999999999999999
low,4,4,16,"true",3,3,3,4,0.012500000000000008
low,4,4,16,"false",3,3,4,3,0.04999999999999999
low,4,4,16,"true",3,3,4,3,0.012500000000000008
low,4,4,16,"false",3,3,4,4,0.04999999999999999
low,4,4,16,"true",3,3,4,4,0.012500000000000008
low,4,4,16,"false",3,4,3,3,0.04999999999999999
low,4,4,16,"true",3,4,3,3,0.012500000000000008
low,4,4,16,"false",3,4,3,4,0.04999999999999999
low,4,4,16,"true",3,4,3,4,0.012500000000000008
low,4,4,16,"false",3,4,4,3,0.04999999999999999
low,4,4,16,"true",3,4,4,3,0.012500000000000008
low,4,4,16,"false",3,4,4,4,0.04999999999999999
low,4,4,16,"true",3,4,4,4,0.012500000000000008
low,4,4,16,"false",4,3,3,3,0.04999999999999999
low,4,4,16,"true",4,3,3,3,0.012500000000000008
low,4,4,16,"false",4,3,3,4,0.04999999999999999
low,4,4,16,"true",4,3,3,4,0.012500000000000008
low,4,4,16,"false",4,3,4,3,0.04999999999999999
low,4,4,16,"true",4,3,4,3,0.012500000000000008
low,4,4,16,"false",4,3,4,4,0.04999999999999999
low,4,4,16,"true",4,3,4,4,0.012500000000000008
low,4,4,16,"false",4,4,3,3,0.04999999999999999
low,4,4,16,"true",4,4,3,3,0.012500000000000008
low,4,4,16,"false",4,4,3,4,0.04999999999999999
low,4,4,16,"true",4,4,3,4,0.012500000000000008
low,4,4,16,"false",4,4,4,3,0.04999999999999999
low,4,4,16,"true",4,4,4,3,0.012500000000000008
low,4,4,16,"false",4,4,4,4,0.04999999999999999
low,4,4,16,"true",4,4,4,4,0.012500000000000008
